id,created_at,data_referencia,valor
22,2025-12-10 03:16:52.605919+00,2025-12-01,2860.0
23,2025-12-10 03:16:52.724951+00,2025-12-02,2858.5
24,2025-12-10 03:16:52.849582+00,2025-12-03,2854.0
25,2025-12-10 03:16:52.987629+00,2025-12-04,2854.0
26,2025-12-10 03:16:53.115365+00,2025-12-05,2865.0
27,2025-12-10 03:16:53.255887+00,2025-12-08,2867.5
28,2025-12-10 03:16:53.382624+00,2025-12-09,2832.0
29,2025-12-10 03:24:36.545996+00,2008-12-31,1455.0
31,2025-12-10 03:26:26.203381+00,2008-01-02,1492.0
32,2025-12-10 03:26:27.700801+00,2008-01-03,2422.0
33,2025-12-10 03:26:29.190058+00,2008-01-04,2447.0
34,2025-12-10 03:26:30.705775+00,2008-01-07,2404.0
35,2025-12-10 03:26:32.19817+00,2008-01-08,2442.0
36,2025-12-10 03:26:33.693185+00,2008-01-09,2450.5
37,2025-12-10 03:26:35.191919+00,2008-01-10,2415.5
38,2025-12-10 03:26:36.705921+00,2008-01-11,2417.0
39,2025-12-10 03:26:38.202553+00,2008-01-14,2470.5
40,2025-12-10 03:26:39.690818+00,2008-01-15,2460.5
41,2025-12-10 03:26:41.190823+00,2008-01-16,2423.0
42,2025-12-10 03:26:42.703346+00,2008-01-17,2412.5
43,2025-12-10 03:26:44.203874+00,2008-01-18,2400.0
44,2025-12-10 03:26:45.691415+00,2008-01-21,2371.5
45,2025-12-10 03:26:47.167404+00,2008-01-22,2359.0
46,2025-12-10 03:26:48.683573+00,2008-01-23,2371.0
47,2025-12-10 03:26:50.170267+00,2008-01-24,2411.0
48,2025-12-10 03:26:51.641985+00,2008-01-25,2483.0
49,2025-12-10 03:26:53.132428+00,2008-01-28,2447.0
50,2025-12-10 03:26:54.610741+00,2008-01-29,2555.0
51,2025-12-10 03:26:56.085075+00,2008-01-30,2631.0
52,2025-12-10 03:26:57.548836+00,2008-01-31,2643.0
53,2025-12-10 03:26:59.01732+00,2008-02-01,2676.0
59,2025-12-10 03:27:10.833376+00,2008-02-04,2628.5
60,2025-12-10 03:27:12.301452+00,2008-02-05,2597.5
61,2025-12-10 03:27:13.768593+00,2008-02-06,2591.5
62,2025-12-10 03:27:15.267989+00,2008-02-07,2601.0
63,2025-12-10 03:27:16.750621+00,2008-02-08,2680.0
64,2025-12-10 03:27:18.227515+00,2008-02-11,2668.0
65,2025-12-10 03:27:19.694136+00,2008-02-12,2637.5
66,2025-12-10 03:27:21.179005+00,2008-02-13,2608.0
67,2025-12-10 03:27:22.661905+00,2008-02-14,2738.0
68,2025-12-10 03:27:24.172277+00,2008-02-15,2812.5
69,2025-12-10 03:27:25.669178+00,2008-02-18,2796.0
70,2025-12-10 03:27:27.183548+00,2008-02-19,2806.0
71,2025-12-10 03:27:28.679473+00,2008-02-20,2812.5
72,2025-12-10 03:27:30.15859+00,2008-02-21,2865.0
73,2025-12-10 03:27:31.652197+00,2008-02-22,2865.5
74,2025-12-10 03:27:33.152598+00,2008-02-25,2857.5
75,2025-12-10 03:27:34.635155+00,2008-02-26,2877.0
76,2025-12-10 03:27:36.123086+00,2008-02-27,3065.5
77,2025-12-10 03:27:37.619586+00,2008-02-28,3046.0
78,2025-12-10 03:27:39.127595+00,2008-02-29,3086.0
79,2025-12-10 03:27:43.213566+00,2008-03-03,3141.0
80,2025-12-10 03:27:44.729179+00,2008-03-04,3111.0
81,2025-12-10 03:27:46.217744+00,2008-03-05,3062.0
82,2025-12-10 03:27:47.709884+00,2008-03-06,3172.0
83,2025-12-10 03:27:49.225088+00,2008-03-07,3175.0
84,2025-12-10 03:27:50.734649+00,2008-03-10,3100.0
85,2025-12-10 03:27:52.220516+00,2008-03-11,3115.0
86,2025-12-10 03:27:53.705413+00,2008-03-12,3001.5
87,2025-12-10 03:27:55.400515+00,2008-03-13,3078.0
88,2025-12-10 03:27:56.933165+00,2008-03-14,3108.0
89,2025-12-10 03:27:58.491193+00,2008-03-17,2931.0
90,2025-12-10 03:27:59.980568+00,2008-03-18,2940.0
91,2025-12-10 03:28:01.479719+00,2008-03-19,2862.0
92,2025-12-10 03:28:02.995398+00,2008-03-20,2762.0
93,2025-12-10 03:28:04.505069+00,2008-03-25,2887.0
94,2025-12-10 03:28:05.996179+00,2008-03-26,2860.0
95,2025-12-10 03:28:07.493446+00,2008-03-27,2918.0
96,2025-12-10 03:28:08.974327+00,2008-03-28,2941.5
97,2025-12-10 03:28:10.4437+00,2008-03-31,2935.0
98,2025-12-10 03:28:11.908878+00,2008-04-01,2876.0
99,2025-12-10 03:28:13.573499+00,2008-04-02,2900.0
100,2025-12-10 03:28:15.0993+00,2008-04-03,2837.0
101,2025-12-10 03:28:16.65737+00,2008-04-04,2846.5
107,2025-12-10 03:28:27.925683+00,2008-04-07,2907.5
108,2025-12-10 03:28:29.449603+00,2008-04-08,2926.0
109,2025-12-10 03:28:31.073386+00,2008-04-09,2952.0
110,2025-12-10 03:28:32.587233+00,2008-04-10,3042.0
111,2025-12-10 03:28:34.126369+00,2008-04-11,3030.5
112,2025-12-10 03:28:35.666205+00,2008-04-14,3000.5
113,2025-12-10 03:28:37.168828+00,2008-04-15,2986.5
114,2025-12-10 03:28:38.797985+00,2008-04-16,3009.0
115,2025-12-10 03:28:40.308535+00,2008-04-17,3037.0
116,2025-12-10 03:28:41.805388+00,2008-04-18,2965.0
117,2025-12-10 03:28:43.292618+00,2008-04-21,3012.5
118,2025-12-10 03:28:44.794518+00,2008-04-22,3012.0
119,2025-12-10 03:28:46.284494+00,2008-04-23,3041.0
120,2025-12-10 03:28:47.754342+00,2008-04-24,3025.5
121,2025-12-10 03:28:49.243231+00,2008-04-25,2913.5
122,2025-12-10 03:28:50.739392+00,2008-04-28,2951.0
123,2025-12-10 03:28:52.231327+00,2008-04-29,2938.0
124,2025-12-10 03:28:53.752267+00,2008-04-30,2895.0
125,2025-12-10 03:28:55.286754+00,2008-05-01,2850.0
126,2025-12-10 03:28:56.78443+00,2008-05-02,2816.0
132,2025-12-10 03:29:08.200103+00,2008-05-06,2881.0
133,2025-12-10 03:29:09.696391+00,2008-05-07,2882.5
134,2025-12-10 03:29:11.197962+00,2008-05-08,2820.0
135,2025-12-10 03:29:12.690141+00,2008-05-09,2867.5
136,2025-12-10 03:29:14.225201+00,2008-05-12,2856.0
137,2025-12-10 03:29:15.753953+00,2008-05-13,2898.0
138,2025-12-10 03:29:17.261128+00,2008-05-14,2881.5
139,2025-12-10 03:29:18.755395+00,2008-05-15,2953.5
140,2025-12-10 03:29:20.277116+00,2008-05-16,2990.0
141,2025-12-10 03:29:21.764738+00,2008-05-19,2955.0
142,2025-12-10 03:29:23.285972+00,2008-05-20,2919.0
143,2025-12-10 03:29:24.836742+00,2008-05-21,2960.5
144,2025-12-10 03:29:26.32658+00,2008-05-22,2992.0
145,2025-12-10 03:29:27.823367+00,2008-05-23,2945.5
146,2025-12-10 03:29:29.33524+00,2008-05-27,2958.0
147,2025-12-10 03:29:30.873692+00,2008-05-28,2888.0
148,2025-12-10 03:29:32.388308+00,2008-05-29,2861.0
149,2025-12-10 03:29:33.885593+00,2008-05-30,2883.0
150,2025-12-10 03:29:37.678733+00,2008-06-02,2858.5
151,2025-12-10 03:29:39.185976+00,2008-06-03,2871.0
152,2025-12-10 03:29:40.720737+00,2008-06-04,2858.5
153,2025-12-10 03:29:42.199827+00,2008-06-05,2825.0
154,2025-12-10 03:29:43.710809+00,2008-06-06,2901.0
155,2025-12-10 03:29:45.213685+00,2008-06-09,2905.0
156,2025-12-10 03:29:46.718302+00,2008-06-10,2891.0
157,2025-12-10 03:29:48.228821+00,2008-06-11,2900.0
158,2025-12-10 03:29:49.727869+00,2008-06-12,2882.5
159,2025-12-10 03:29:51.238629+00,2008-06-13,2895.5
160,2025-12-10 03:29:52.761142+00,2008-06-16,2910.5
161,2025-12-10 03:29:54.273811+00,2008-06-17,2934.0
162,2025-12-10 03:29:55.801111+00,2008-06-18,3026.0
163,2025-12-10 03:29:57.355346+00,2008-06-19,3035.0
164,2025-12-10 03:29:58.843979+00,2008-06-20,3090.5
165,2025-12-10 03:30:00.403688+00,2008-06-23,3076.0
166,2025-12-10 03:30:01.890312+00,2008-06-24,3064.5
167,2025-12-10 03:30:03.393316+00,2008-06-25,3038.5
168,2025-12-10 03:30:04.910776+00,2008-06-26,3024.5
169,2025-12-10 03:30:06.414332+00,2008-06-27,3052.5
170,2025-12-10 03:30:08.515621+00,2008-06-30,3075.0
171,2025-12-10 03:30:10.027018+00,2008-07-01,3086.0
172,2025-12-10 03:30:11.560404+00,2008-07-02,3084.0
173,2025-12-10 03:30:13.06858+00,2008-07-03,3158.0
174,2025-12-10 03:30:14.682257+00,2008-07-04,3090.0
180,2025-12-10 03:30:25.670125+00,2008-07-07,3187.0
181,2025-12-10 03:30:27.160617+00,2008-07-08,3220.0
182,2025-12-10 03:30:28.633731+00,2008-07-09,3077.0
183,2025-12-10 03:30:30.154609+00,2008-07-10,3271.5
184,2025-12-10 03:30:31.661068+00,2008-07-11,3291.5
185,2025-12-10 03:30:33.140308+00,2008-07-14,3230.0
186,2025-12-10 03:30:34.691828+00,2008-07-15,3217.5
187,2025-12-10 03:30:36.162618+00,2008-07-16,3126.0
188,2025-12-10 03:30:37.648883+00,2008-07-17,3059.0
189,2025-12-10 03:30:39.145281+00,2008-07-18,3026.0
190,2025-12-10 03:30:40.621979+00,2008-07-21,2987.5
191,2025-12-10 03:30:42.104805+00,2008-07-22,3021.0
192,2025-12-10 03:30:43.620768+00,2008-07-23,2966.5
193,2025-12-10 03:30:45.127165+00,2008-07-24,2936.5
194,2025-12-10 03:30:46.614597+00,2008-07-25,2907.5
195,2025-12-10 03:30:48.083412+00,2008-07-28,2923.5
196,2025-12-10 03:30:49.670487+00,2008-07-29,2937.0
197,2025-12-10 03:30:51.175917+00,2008-07-30,2907.0
198,2025-12-10 03:30:52.668788+00,2008-07-31,2928.5
199,2025-12-10 03:30:54.220578+00,2008-08-01,2872.5
205,2025-12-10 03:31:04.644051+00,2008-08-04,2840.0
206,2025-12-10 03:31:06.141532+00,2008-08-05,2831.0
207,2025-12-10 03:31:07.625965+00,2008-08-06,2855.0
208,2025-12-10 03:31:09.169124+00,2008-08-07,2866.0
209,2025-12-10 03:31:10.669132+00,2008-08-08,2820.5
210,2025-12-10 03:31:12.153114+00,2008-08-11,2803.5
211,2025-12-10 03:31:13.647029+00,2008-08-12,2755.0
212,2025-12-10 03:31:15.137843+00,2008-08-13,2728.5
213,2025-12-10 03:31:16.626147+00,2008-08-14,2760.5
214,2025-12-10 03:31:18.131899+00,2008-08-15,2716.0
215,2025-12-10 03:31:19.612585+00,2008-08-18,2716.0
216,2025-12-10 03:31:21.111607+00,2008-08-19,2700.5
217,2025-12-10 03:31:22.65876+00,2008-08-20,2720.0
218,2025-12-10 03:31:24.134843+00,2008-08-21,2744.0
219,2025-12-10 03:31:25.68925+00,2008-08-22,2751.0
220,2025-12-10 03:31:27.185013+00,2008-08-26,2695.0
221,2025-12-10 03:31:28.773733+00,2008-08-27,2725.0
222,2025-12-10 03:31:30.248954+00,2008-08-28,2705.0
223,2025-12-10 03:31:31.752381+00,2008-08-29,2682.5
224,2025-12-10 03:31:34.789893+00,2008-09-01,2647.0
225,2025-12-10 03:31:36.287291+00,2008-09-02,2632.0
226,2025-12-10 03:31:37.787545+00,2008-09-03,2635.0
227,2025-12-10 03:31:39.264187+00,2008-09-04,2638.0
228,2025-12-10 03:31:40.7264+00,2008-09-05,2596.0
229,2025-12-10 03:31:42.198667+00,2008-09-08,2597.0
230,2025-12-10 03:31:43.707383+00,2008-09-09,2571.0
231,2025-12-10 03:31:45.231325+00,2008-09-10,2555.0
232,2025-12-10 03:31:46.726422+00,2008-09-11,2561.5
233,2025-12-10 03:31:48.192505+00,2008-09-12,2583.0
234,2025-12-10 03:31:49.779264+00,2008-09-15,2518.0
235,2025-12-10 03:31:51.444272+00,2008-09-16,2491.0
236,2025-12-10 03:31:53.088764+00,2008-09-17,2482.0
237,2025-12-10 03:31:54.639936+00,2008-09-18,2475.5
238,2025-12-10 03:31:56.217911+00,2008-09-19,2461.5
239,2025-12-10 03:31:57.927148+00,2008-09-22,2500.5
240,2025-12-10 03:31:59.42665+00,2008-09-23,2465.0
241,2025-12-10 03:32:00.930532+00,2008-09-24,2461.0
242,2025-12-10 03:32:02.444239+00,2008-09-25,2431.0
243,2025-12-10 03:32:03.944614+00,2008-09-26,2462.0
244,2025-12-10 03:32:05.448658+00,2008-09-29,2410.0
245,2025-12-10 03:32:07.079727+00,2008-09-30,2395.0
246,2025-12-10 03:32:08.690627+00,2008-10-01,2376.5
247,2025-12-10 03:32:10.246046+00,2008-10-02,2346.0
248,2025-12-10 03:32:11.739143+00,2008-10-03,2250.0
254,2025-12-10 03:32:23.910504+00,2008-10-06,2206.0
255,2025-12-10 03:32:25.393877+00,2008-10-07,2228.0
256,2025-12-10 03:32:26.925162+00,2008-10-08,2272.0
257,2025-12-10 03:32:28.418614+00,2008-10-09,2240.0
258,2025-12-10 03:32:29.916784+00,2008-10-10,2162.0
259,2025-12-10 03:32:31.42825+00,2008-10-13,2194.0
260,2025-12-10 03:32:32.930223+00,2008-10-14,2242.0
261,2025-12-10 03:32:34.431295+00,2008-10-15,2135.5
262,2025-12-10 03:32:35.921068+00,2008-10-16,2110.5
263,2025-12-10 03:32:37.410583+00,2008-10-17,2104.0
264,2025-12-10 03:32:38.912828+00,2008-10-20,2101.0
265,2025-12-10 03:32:40.39984+00,2008-10-21,2044.0
266,2025-12-10 03:32:41.920331+00,2008-10-22,1982.0
267,2025-12-10 03:32:43.434959+00,2008-10-23,1910.5
268,2025-12-10 03:32:44.932809+00,2008-10-24,1876.0
269,2025-12-10 03:32:46.420905+00,2008-10-27,1886.0
270,2025-12-10 03:32:47.923072+00,2008-10-28,2015.5
271,2025-12-10 03:32:49.425645+00,2008-10-29,2104.5
272,2025-12-10 03:32:50.943472+00,2008-10-30,2036.0
273,2025-12-10 03:32:52.43568+00,2008-10-31,1970.5
274,2025-12-10 03:32:55.379793+00,2008-11-03,1966.0
275,2025-12-10 03:32:56.890117+00,2008-11-04,1990.5
276,2025-12-10 03:32:58.387861+00,2008-11-05,2012.0
277,2025-12-10 03:32:59.897766+00,2008-11-06,1975.5
278,2025-12-10 03:33:01.387097+00,2008-11-07,1956.0
279,2025-12-10 03:33:02.877951+00,2008-11-10,1971.0
280,2025-12-10 03:33:04.368015+00,2008-11-11,1906.5
281,2025-12-10 03:33:05.89582+00,2008-11-12,1860.0
282,2025-12-10 03:33:07.40238+00,2008-11-13,1871.5
283,2025-12-10 03:33:08.927479+00,2008-11-14,1888.0
284,2025-12-10 03:33:10.514955+00,2008-11-17,1820.5
285,2025-12-10 03:33:12.015679+00,2008-11-18,1835.5
286,2025-12-10 03:33:13.537907+00,2008-11-19,1825.5
287,2025-12-10 03:33:15.041968+00,2008-11-20,1751.5
288,2025-12-10 03:33:16.565541+00,2008-11-21,1750.0
289,2025-12-10 03:33:18.073937+00,2008-11-24,1758.0
290,2025-12-10 03:33:19.564927+00,2008-11-25,1749.0
291,2025-12-10 03:33:21.076718+00,2008-11-26,1740.0
292,2025-12-10 03:33:22.585857+00,2008-11-27,1720.5
293,2025-12-10 03:33:24.113242+00,2008-11-28,1701.0
294,2025-12-10 03:33:27.077009+00,2009-12-29,2247.0
295,2025-12-10 03:33:28.553786+00,2009-12-30,2237.0
296,2025-12-10 03:33:30.037399+00,2009-12-31,2208.0
297,2025-12-10 03:33:31.526284+00,2009-01-02,1492.0
298,2025-12-10 03:33:33.013002+00,2009-01-05,1515.5
299,2025-12-10 03:33:34.496392+00,2009-01-06,1569.0
300,2025-12-10 03:33:36.002628+00,2009-01-07,1575.0
301,2025-12-10 03:33:37.501322+00,2009-01-08,1516.5
302,2025-12-10 03:33:38.970241+00,2009-01-09,1520.5
303,2025-12-10 03:33:40.453971+00,2009-01-12,1475.5
304,2025-12-10 03:33:41.943456+00,2009-01-13,1440.5
305,2025-12-10 03:33:43.4054+00,2009-01-14,1454.0
306,2025-12-10 03:33:44.867059+00,2009-01-15,1431.0
307,2025-12-10 03:33:46.358807+00,2009-01-16,1445.5
308,2025-12-10 03:33:47.860146+00,2009-01-19,1401.0
309,2025-12-10 03:33:49.328183+00,2009-01-20,1351.0
310,2025-12-10 03:33:50.814679+00,2009-01-21,1325.5
311,2025-12-10 03:33:52.451654+00,2009-01-22,1311.0
312,2025-12-10 03:33:53.932235+00,2009-01-23,1290.0
313,2025-12-10 03:33:55.455757+00,2009-01-26,1300.5
314,2025-12-10 03:33:56.943546+00,2009-01-27,1309.0
315,2025-12-10 03:33:58.445067+00,2009-01-28,1332.0
316,2025-12-10 03:33:59.937673+00,2009-01-29,1309.0
317,2025-12-10 03:34:01.422639+00,2009-01-30,1311.5
318,2025-12-10 03:34:04.363005+00,2009-02-02,1316.0
319,2025-12-10 03:34:05.842671+00,2009-02-03,1336.0
320,2025-12-10 03:34:07.341052+00,2009-02-04,1384.0
321,2025-12-10 03:34:08.839515+00,2009-02-05,1408.5
322,2025-12-10 03:34:10.313509+00,2009-02-06,1422.0
323,2025-12-10 03:34:11.791387+00,2009-02-09,1420.0
324,2025-12-10 03:34:13.329034+00,2009-02-10,1390.0
325,2025-12-10 03:34:14.825016+00,2009-02-11,1362.5
326,2025-12-10 03:34:16.29491+00,2009-02-12,1341.0
327,2025-12-10 03:34:17.770283+00,2009-02-13,1347.0
328,2025-12-10 03:34:19.252047+00,2009-02-16,1315.5
329,2025-12-10 03:34:20.748172+00,2009-02-17,1310.5
330,2025-12-10 03:34:22.270227+00,2009-02-18,1280.5
331,2025-12-10 03:34:23.745792+00,2009-02-19,1296.0
332,2025-12-10 03:34:25.25117+00,2009-02-20,1264.5
333,2025-12-10 03:34:26.757649+00,2009-02-23,1261.5
334,2025-12-10 03:34:28.243159+00,2009-02-24,1253.5
335,2025-12-10 03:34:29.746539+00,2009-02-25,1293.5
336,2025-12-10 03:34:31.248887+00,2009-02-26,1311.5
337,2025-12-10 03:34:32.743608+00,2009-02-27,1290.0
338,2025-12-10 03:34:36.482657+00,2009-03-02,1270.5
339,2025-12-10 03:34:37.977472+00,2009-03-03,1285.5
340,2025-12-10 03:34:39.462195+00,2009-03-04,1302.0
341,2025-12-10 03:34:40.940954+00,2009-03-05,1302.0
342,2025-12-10 03:34:42.455812+00,2009-03-06,1292.5
343,2025-12-10 03:34:43.952011+00,2009-03-09,1261.5
344,2025-12-10 03:34:45.441116+00,2009-03-10,1282.0
345,2025-12-10 03:34:46.935685+00,2009-03-11,1301.0
346,2025-12-10 03:34:48.462202+00,2009-03-12,1303.0
347,2025-12-10 03:34:49.93338+00,2009-03-13,1335.0
348,2025-12-10 03:34:51.417784+00,2009-03-16,1311.0
349,2025-12-10 03:34:52.939073+00,2009-03-17,1316.5
350,2025-12-10 03:34:54.452527+00,2009-03-18,1339.0
351,2025-12-10 03:34:55.931793+00,2009-03-19,1401.0
352,2025-12-10 03:34:57.417968+00,2009-03-20,1434.0
353,2025-12-10 03:34:58.896943+00,2009-03-23,1403.0
354,2025-12-10 03:35:00.374292+00,2009-03-24,1370.0
355,2025-12-10 03:35:01.832325+00,2009-03-25,1360.0
356,2025-12-10 03:35:03.337564+00,2009-03-26,1410.0
357,2025-12-10 03:35:04.81697+00,2009-03-27,1381.0
358,2025-12-10 03:35:06.308467+00,2009-03-30,1362.5
359,2025-12-10 03:35:07.790427+00,2009-03-31,1365.5
360,2025-12-10 03:35:09.275412+00,2009-04-01,1337.0
361,2025-12-10 03:35:10.773241+00,2009-04-02,1381.0
362,2025-12-10 03:35:12.261909+00,2009-04-03,1410.5
368,2025-12-10 03:35:22.668771+00,2009-04-06,1448.0
369,2025-12-10 03:35:24.157674+00,2009-04-07,1426.0
370,2025-12-10 03:35:25.685871+00,2009-04-08,1417.0
371,2025-12-10 03:35:27.276863+00,2009-04-09,1451.0
372,2025-12-10 03:35:28.755163+00,2009-04-14,1472.0
373,2025-12-10 03:35:30.255385+00,2009-04-15,1469.0
374,2025-12-10 03:35:31.746713+00,2009-04-16,1456.5
375,2025-12-10 03:35:33.265294+00,2009-04-17,1441.0
376,2025-12-10 03:35:34.769438+00,2009-04-20,1419.0
377,2025-12-10 03:35:36.296214+00,2009-04-21,1398.5
378,2025-12-10 03:35:37.903512+00,2009-04-22,1410.0
379,2025-12-10 03:35:39.421181+00,2009-04-23,1426.5
380,2025-12-10 03:35:40.946837+00,2009-04-24,1416.5
381,2025-12-10 03:35:42.443392+00,2009-04-27,1398.5
382,2025-12-10 03:35:43.921932+00,2009-04-28,1389.5
383,2025-12-10 03:35:45.430301+00,2009-04-29,1419.0
384,2025-12-10 03:35:46.949928+00,2009-04-30,1430.5
385,2025-12-10 03:35:48.483866+00,2009-05-01,1481.5
391,2025-12-10 03:36:00.097089+00,2009-05-05,1478.5
392,2025-12-10 03:36:01.578228+00,2009-05-06,1491.0
393,2025-12-10 03:36:03.053415+00,2009-05-07,1550.5
394,2025-12-10 03:36:04.536826+00,2009-05-08,1515.5
395,2025-12-10 03:36:06.048497+00,2009-05-11,1482.5
396,2025-12-10 03:36:07.552309+00,2009-05-12,1519.0
397,2025-12-10 03:36:09.054169+00,2009-05-13,1483.0
398,2025-12-10 03:36:10.616848+00,2009-05-14,1473.0
399,2025-12-10 03:36:12.097132+00,2009-05-15,1477.0
400,2025-12-10 03:36:13.590291+00,2009-05-18,1472.0
401,2025-12-10 03:36:15.077599+00,2009-05-19,1489.5
402,2025-12-10 03:36:16.583198+00,2009-05-20,1452.0
403,2025-12-10 03:36:18.067037+00,2009-05-21,1430.0
404,2025-12-10 03:36:19.548739+00,2009-05-22,1407.0
405,2025-12-10 03:36:21.042993+00,2009-05-26,1405.0
406,2025-12-10 03:36:22.519068+00,2009-05-27,1394.5
407,2025-12-10 03:36:24.013226+00,2009-05-28,1363.0
408,2025-12-10 03:36:25.504629+00,2009-05-29,1384.0
409,2025-12-10 03:36:28.501949+00,2009-06-01,1425.0
410,2025-12-10 03:36:30.003408+00,2009-06-02,1441.0
411,2025-12-10 03:36:31.513119+00,2009-06-03,1443.0
412,2025-12-10 03:36:33.00411+00,2009-06-04,1442.0
413,2025-12-10 03:36:34.484264+00,2009-06-05,1556.5
414,2025-12-10 03:36:35.949781+00,2009-06-08,1571.0
415,2025-12-10 03:36:37.440496+00,2009-06-09,1599.0
416,2025-12-10 03:36:38.933573+00,2009-06-10,1638.0
417,2025-12-10 03:36:40.440985+00,2009-06-11,1642.0
418,2025-12-10 03:36:41.936085+00,2009-06-12,1641.0
419,2025-12-10 03:36:43.477738+00,2009-06-15,1586.0
420,2025-12-10 03:36:44.966302+00,2009-06-16,1601.0
421,2025-12-10 03:36:46.461698+00,2009-06-17,1562.5
422,2025-12-10 03:36:47.930566+00,2009-06-18,1589.5
423,2025-12-10 03:36:49.430143+00,2009-06-19,1642.0
424,2025-12-10 03:36:50.91771+00,2009-06-22,1585.0
425,2025-12-10 03:36:52.412303+00,2009-06-23,1563.0
426,2025-12-10 03:36:53.911473+00,2009-06-24,1594.0
427,2025-12-10 03:36:55.404658+00,2009-06-25,1622.0
428,2025-12-10 03:36:56.904462+00,2009-06-26,1646.5
429,2025-12-10 03:36:58.372015+00,2009-06-29,1616.0
430,2025-12-10 03:36:59.841955+00,2009-06-30,1616.0
431,2025-12-10 03:37:01.316787+00,2009-07-01,1610.0
432,2025-12-10 03:37:02.799388+00,2009-07-02,1611.0
433,2025-12-10 03:37:04.364758+00,2009-07-03,1596.0
439,2025-12-10 03:37:15.411852+00,2009-07-06,1559.0
440,2025-12-10 03:37:16.875498+00,2009-07-07,1610.0
442,2025-12-10 03:37:19.820959+00,2009-07-08,1561.5
443,2025-12-10 03:37:21.327088+00,2009-07-09,1540.0
444,2025-12-10 03:37:22.804387+00,2009-07-10,1534.0
445,2025-12-10 03:37:24.309826+00,2009-07-13,1531.5
446,2025-12-10 03:37:25.810848+00,2009-07-14,1566.0
447,2025-12-10 03:37:27.285208+00,2009-07-15,1622.5
448,2025-12-10 03:37:28.824815+00,2009-07-16,1636.0
449,2025-12-10 03:37:30.348467+00,2009-07-17,1671.5
450,2025-12-10 03:37:31.857675+00,2009-07-20,1713.5
451,2025-12-10 03:37:33.354816+00,2009-07-21,1693.0
452,2025-12-10 03:37:34.882043+00,2009-07-22,1707.0
453,2025-12-10 03:37:36.405859+00,2009-07-23,1702.5
454,2025-12-10 03:37:37.924166+00,2009-07-24,1798.0
455,2025-12-10 03:37:39.430652+00,2009-07-27,1828.0
456,2025-12-10 03:37:40.947571+00,2009-07-28,1814.0
457,2025-12-10 03:37:42.455462+00,2009-07-29,1775.5
458,2025-12-10 03:37:43.950343+00,2009-07-30,1819.0
459,2025-12-10 03:37:45.460992+00,2009-07-31,1863.5
460,2025-12-10 03:37:49.238499+00,2009-08-03,1930.5
461,2025-12-10 03:37:50.745979+00,2009-08-04,1904.5
462,2025-12-10 03:37:52.246451+00,2009-08-05,2015.5
463,2025-12-10 03:37:53.739375+00,2009-08-06,2001.5
464,2025-12-10 03:37:55.225083+00,2009-08-07,1972.0
465,2025-12-10 03:37:56.716201+00,2009-08-10,1998.0
466,2025-12-10 03:37:58.222375+00,2009-08-11,1954.0
467,2025-12-10 03:37:59.730162+00,2009-08-12,1892.0
468,2025-12-10 03:38:01.259312+00,2009-08-13,2035.0
469,2025-12-10 03:38:02.756017+00,2009-08-14,2016.5
470,2025-12-10 03:38:04.252094+00,2009-08-17,1910.0
471,2025-12-10 03:38:05.747548+00,2009-08-18,1990.5
472,2025-12-10 03:38:07.243855+00,2009-08-19,1905.0
473,2025-12-10 03:38:08.740589+00,2009-08-20,1906.0
474,2025-12-10 03:38:10.208199+00,2009-08-21,1908.0
475,2025-12-10 03:38:11.700039+00,2009-08-24,1881.0
476,2025-12-10 03:38:13.205519+00,2009-08-25,1885.0
477,2025-12-10 03:38:14.686071+00,2009-08-26,1856.5
478,2025-12-10 03:38:16.155734+00,2009-08-27,1833.0
479,2025-12-10 03:38:17.654955+00,2009-08-28,1880.5
480,2025-12-10 03:38:19.143236+00,2009-09-01,1830.5
481,2025-12-10 03:38:20.657443+00,2009-09-02,1792.5
482,2025-12-10 03:38:22.162338+00,2009-09-03,1826.0
483,2025-12-10 03:38:23.662736+00,2009-09-04,1816.0
488,2025-12-10 03:38:32.870588+00,2009-09-07,1822.0
489,2025-12-10 03:38:34.387606+00,2009-09-08,1886.0
490,2025-12-10 03:38:35.979867+00,2009-09-09,1868.0
491,2025-12-10 03:38:37.451624+00,2009-09-10,1830.0
492,2025-12-10 03:38:38.950677+00,2009-09-11,1820.0
493,2025-12-10 03:38:40.463077+00,2009-09-14,1793.0
494,2025-12-10 03:38:42.014677+00,2009-09-15,1813.0
495,2025-12-10 03:38:43.530268+00,2009-09-16,1851.0
496,2025-12-10 03:38:45.032998+00,2009-09-17,1913.5
497,2025-12-10 03:38:46.51643+00,2009-09-18,1922.0
498,2025-12-10 03:38:48.059798+00,2009-09-21,1836.0
499,2025-12-10 03:38:49.555694+00,2009-09-22,1864.5
500,2025-12-10 03:38:51.096615+00,2009-09-23,1848.0
501,2025-12-10 03:38:52.777746+00,2009-09-24,1835.5
502,2025-12-10 03:38:54.292907+00,2009-09-25,1790.5
503,2025-12-10 03:38:55.795837+00,2009-09-28,1758.0
504,2025-12-10 03:38:57.316053+00,2009-09-29,1782.5
505,2025-12-10 03:38:58.857982+00,2009-09-30,1852.0
506,2025-12-10 03:39:00.360699+00,2009-10-01,1858.0
507,2025-12-10 03:39:01.841244+00,2009-10-02,1786.0
513,2025-12-10 03:39:12.355221+00,2009-10-05,1760.5
514,2025-12-10 03:39:13.85329+00,2009-10-06,1792.5
515,2025-12-10 03:39:15.350863+00,2009-10-07,1795.5
516,2025-12-10 03:39:16.851633+00,2009-10-08,1857.5
517,2025-12-10 03:39:18.336387+00,2009-10-09,1866.0
518,2025-12-10 03:39:19.839074+00,2009-10-12,1915.0
519,2025-12-10 03:39:21.335756+00,2009-10-13,1905.5
520,2025-12-10 03:39:22.833094+00,2009-10-14,1855.0
521,2025-12-10 03:39:24.316345+00,2009-10-15,1836.0
522,2025-12-10 03:39:25.811409+00,2009-10-16,1865.0
523,2025-12-10 03:39:27.312286+00,2009-10-19,1870.5
524,2025-12-10 03:39:28.800161+00,2009-10-20,1921.0
525,2025-12-10 03:39:30.332477+00,2009-10-21,1860.5
526,2025-12-10 03:39:31.828525+00,2009-10-22,1949.0
527,2025-12-10 03:39:33.327009+00,2009-10-23,1948.5
528,2025-12-10 03:39:34.813099+00,2009-10-26,1974.0
529,2025-12-10 03:39:36.284249+00,2009-10-27,1981.0
530,2025-12-10 03:39:37.78213+00,2009-10-28,1928.5
531,2025-12-10 03:39:39.260271+00,2009-10-29,1900.0
532,2025-12-10 03:39:40.746077+00,2009-10-30,1903.0
533,2025-12-10 03:39:44.437862+00,2009-11-02,1869.0
534,2025-12-10 03:39:45.923324+00,2009-11-03,1870.0
535,2025-12-10 03:39:47.46821+00,2009-11-04,1892.5
536,2025-12-10 03:39:49.074151+00,2009-11-05,1886.0
537,2025-12-10 03:39:50.573499+00,2009-11-06,1887.0
538,2025-12-10 03:39:52.101112+00,2009-11-09,1896.0
539,2025-12-10 03:39:53.577217+00,2009-11-10,1918.0
540,2025-12-10 03:39:55.063565+00,2009-11-11,1938.5
541,2025-12-10 03:39:56.619722+00,2009-11-12,1918.0
542,2025-12-10 03:39:58.125118+00,2009-11-13,1903.5
543,2025-12-10 03:39:59.622438+00,2009-11-16,1940.0
544,2025-12-10 03:40:01.120578+00,2009-11-17,2002.5
545,2025-12-10 03:40:02.586938+00,2009-11-18,2035.5
546,2025-12-10 03:40:04.073744+00,2009-11-19,2003.0
547,2025-12-10 03:40:05.560877+00,2009-11-20,1978.0
548,2025-12-10 03:40:07.052077+00,2009-11-23,2022.0
549,2025-12-10 03:40:08.524442+00,2009-11-24,1995.0
550,2025-12-10 03:40:10.021599+00,2009-11-25,2007.0
551,2025-12-10 03:40:11.564327+00,2009-11-26,2009.5
552,2025-12-10 03:40:13.02932+00,2009-11-27,1957.0
553,2025-12-10 03:40:14.494921+00,2009-11-30,2007.0
554,2025-12-10 03:40:15.993951+00,2009-12-01,2044.0
555,2025-12-10 03:40:17.485376+00,2009-12-02,2102.5
556,2025-12-10 03:40:18.973001+00,2009-12-03,2114.0
557,2025-12-10 03:40:20.851995+00,2009-12-04,2106.5
558,2025-12-10 03:40:25.128338+00,2010-12-29,2436.5
559,2025-12-10 03:40:26.643888+00,2010-12-30,2450.0
560,2025-12-10 03:40:28.147461+00,2010-12-31,2461.0
561,2025-12-10 03:40:29.614885+00,2010-01-04,2225.5
562,2025-12-10 03:40:31.139133+00,2010-01-05,2247.0
563,2025-12-10 03:40:32.612667+00,2010-01-06,2303.0
564,2025-12-10 03:40:34.098665+00,2010-01-07,2307.0
565,2025-12-10 03:40:35.584334+00,2010-01-08,2261.5
566,2025-12-10 03:40:37.078265+00,2010-01-11,2320.5
567,2025-12-10 03:40:38.582386+00,2010-01-12,2260.5
568,2025-12-10 03:40:40.074543+00,2010-01-13,2250.5
569,2025-12-10 03:40:41.547381+00,2010-01-14,2293.0
570,2025-12-10 03:40:43.039306+00,2010-01-15,2282.0
571,2025-12-10 03:40:44.529113+00,2010-01-18,2292.5
572,2025-12-10 03:40:46.025623+00,2010-01-19,2243.5
573,2025-12-10 03:40:47.521662+00,2010-01-20,2254.0
574,2025-12-10 03:40:49.018813+00,2010-01-21,2229.5
575,2025-12-10 03:40:50.541779+00,2010-01-22,2189.5
576,2025-12-10 03:40:52.030743+00,2010-01-25,2217.5
577,2025-12-10 03:40:53.518402+00,2010-01-26,2189.5
578,2025-12-10 03:40:54.981595+00,2010-01-27,2149.0
579,2025-12-10 03:40:56.461731+00,2010-01-28,2126.0
580,2025-12-10 03:40:57.950768+00,2010-01-29,2061.5
581,2025-12-10 03:41:01.806206+00,2010-02-01,2046.5
582,2025-12-10 03:41:03.305663+00,2010-02-02,2075.0
583,2025-12-10 03:41:04.828488+00,2010-02-03,2086.5
584,2025-12-10 03:41:06.341086+00,2010-02-04,2052.0
585,2025-12-10 03:41:07.843643+00,2010-02-05,1949.0
586,2025-12-10 03:41:09.354212+00,2010-02-08,1974.0
587,2025-12-10 03:41:10.875546+00,2010-02-09,2002.5
588,2025-12-10 03:41:12.391649+00,2010-02-10,2022.5
589,2025-12-10 03:41:13.888616+00,2010-02-11,2012.5
590,2025-12-10 03:41:15.390382+00,2010-02-12,2004.5
591,2025-12-10 03:41:16.889651+00,2010-02-15,2033.0
592,2025-12-10 03:41:18.371186+00,2010-02-16,2051.0
593,2025-12-10 03:41:19.910221+00,2010-02-17,2095.0
594,2025-12-10 03:41:21.425994+00,2010-02-18,2077.0
595,2025-12-10 03:41:22.926407+00,2010-02-19,2072.0
596,2025-12-10 03:41:24.425373+00,2010-02-22,2116.0
597,2025-12-10 03:41:25.920091+00,2010-02-23,2117.5
598,2025-12-10 03:41:27.423453+00,2010-02-24,2079.0
599,2025-12-10 03:41:28.924913+00,2010-02-25,2062.5
600,2025-12-10 03:41:30.429928+00,2010-02-26,2050.5
601,2025-12-10 03:41:33.721401+00,2010-03-01,2101.0
602,2025-12-10 03:41:35.360944+00,2010-03-02,2108.0
603,2025-12-10 03:41:36.876071+00,2010-03-03,2132.5
604,2025-12-10 03:41:38.35274+00,2010-03-04,2203.0
605,2025-12-10 03:41:39.859879+00,2010-03-05,2201.0
606,2025-12-10 03:41:41.408198+00,2010-03-08,2224.0
607,2025-12-10 03:41:42.902939+00,2010-03-09,2200.5
608,2025-12-10 03:41:44.51531+00,2010-03-10,2233.0
609,2025-12-10 03:41:46.058105+00,2010-03-11,2195.0
610,2025-12-10 03:41:47.600627+00,2010-03-12,2216.0
611,2025-12-10 03:41:49.109572+00,2010-03-15,2208.0
612,2025-12-10 03:41:50.641049+00,2010-03-16,2213.5
613,2025-12-10 03:41:52.128918+00,2010-03-17,2242.5
614,2025-12-10 03:41:53.704108+00,2010-03-18,2244.0
615,2025-12-10 03:41:55.233849+00,2010-03-19,2233.0
616,2025-12-10 03:41:56.75289+00,2010-03-22,2192.5
617,2025-12-10 03:41:58.275413+00,2010-03-23,2231.0
618,2025-12-10 03:41:59.811588+00,2010-03-24,2194.5
619,2025-12-10 03:42:01.334302+00,2010-03-25,2176.0
620,2025-12-10 03:42:02.884194+00,2010-03-26,2200.0
621,2025-12-10 03:42:04.386157+00,2010-03-29,2225.0
622,2025-12-10 03:42:05.865527+00,2010-03-30,2267.5
623,2025-12-10 03:42:07.34173+00,2010-03-31,2288.0
624,2025-12-10 03:42:08.845886+00,2010-04-01,2330.0
629,2025-12-10 03:42:19.623005+00,2010-04-06,2327.5
630,2025-12-10 03:42:21.119938+00,2010-04-07,2324.0
631,2025-12-10 03:42:22.602918+00,2010-04-08,2295.5
632,2025-12-10 03:42:24.07118+00,2010-04-09,2357.5
633,2025-12-10 03:42:25.574542+00,2010-04-12,2381.0
634,2025-12-10 03:42:27.098171+00,2010-04-13,2369.0
635,2025-12-10 03:42:28.606434+00,2010-04-14,2419.5
636,2025-12-10 03:42:30.121265+00,2010-04-15,2424.0
637,2025-12-10 03:42:31.610841+00,2010-04-16,2447.5
638,2025-12-10 03:42:33.145415+00,2010-04-19,2339.0
639,2025-12-10 03:42:34.637216+00,2010-04-20,2384.0
640,2025-12-10 03:42:36.150557+00,2010-04-21,2326.5
641,2025-12-10 03:42:37.651655+00,2010-04-22,2293.5
642,2025-12-10 03:42:39.135304+00,2010-04-23,2265.5
643,2025-12-10 03:42:40.621032+00,2010-04-26,2293.5
644,2025-12-10 03:42:42.119491+00,2010-04-27,2262.5
645,2025-12-10 03:42:43.636858+00,2010-04-28,2115.0
646,2025-12-10 03:42:45.13416+00,2010-04-29,2195.5
647,2025-12-10 03:42:46.626561+00,2010-04-30,2184.0
648,2025-12-10 03:42:50.686806+00,2010-05-04,2164.0
649,2025-12-10 03:42:52.183328+00,2010-05-05,2095.0
650,2025-12-10 03:42:53.694614+00,2010-05-06,2051.0
651,2025-12-10 03:42:55.211402+00,2010-05-07,2065.5
652,2025-12-10 03:42:56.703971+00,2010-05-10,2104.5
653,2025-12-10 03:42:58.199759+00,2010-05-11,2028.0
654,2025-12-10 03:42:59.699447+00,2010-05-12,2100.5
655,2025-12-10 03:43:01.176264+00,2010-05-13,2116.5
656,2025-12-10 03:43:02.67928+00,2010-05-14,2081.0
657,2025-12-10 03:43:04.193488+00,2010-05-17,2011.0
658,2025-12-10 03:43:05.680188+00,2010-05-18,2005.5
659,2025-12-10 03:43:07.161554+00,2010-05-19,1969.0
660,2025-12-10 03:43:08.667725+00,2010-05-20,1947.0
661,2025-12-10 03:43:10.169793+00,2010-05-21,1991.0
662,2025-12-10 03:43:11.673118+00,2010-05-24,2009.0
663,2025-12-10 03:43:13.163567+00,2010-05-25,1980.5
664,2025-12-10 03:43:14.643977+00,2010-05-26,2010.5
665,2025-12-10 03:43:16.139894+00,2010-05-27,2003.5
666,2025-12-10 03:43:17.639635+00,2010-05-28,2037.0
667,2025-12-10 03:43:19.142072+00,2010-06-01,1953.0
668,2025-12-10 03:43:20.627893+00,2010-06-02,1954.0
669,2025-12-10 03:43:22.128416+00,2010-06-03,1951.0
670,2025-12-10 03:43:23.593211+00,2010-06-04,1915.5
675,2025-12-10 03:43:32.658531+00,2010-06-07,1828.5
676,2025-12-10 03:43:34.209234+00,2010-06-08,1850.5
677,2025-12-10 03:43:35.714227+00,2010-06-09,1911.0
678,2025-12-10 03:43:37.193914+00,2010-06-10,1907.0
679,2025-12-10 03:43:38.66738+00,2010-06-11,1932.0
680,2025-12-10 03:43:40.145126+00,2010-06-14,1945.5
681,2025-12-10 03:43:41.618249+00,2010-06-15,1965.0
682,2025-12-10 03:43:43.082754+00,2010-06-16,1967.5
683,2025-12-10 03:43:44.563957+00,2010-06-17,1950.5
684,2025-12-10 03:43:46.014483+00,2010-06-18,1931.0
685,2025-12-10 03:43:47.502458+00,2010-06-21,1968.5
686,2025-12-10 03:43:48.994422+00,2010-06-22,1901.0
687,2025-12-10 03:43:50.480859+00,2010-06-23,1922.0
688,2025-12-10 03:43:51.962165+00,2010-06-24,1908.5
689,2025-12-10 03:43:53.453909+00,2010-06-25,1946.0
690,2025-12-10 03:43:54.936621+00,2010-06-28,1996.0
691,2025-12-10 03:43:56.413258+00,2010-06-29,1962.5
692,2025-12-10 03:43:57.900719+00,2010-06-30,1924.0
693,2025-12-10 03:43:59.40467+00,2010-07-01,1928.0
694,2025-12-10 03:44:00.881851+00,2010-07-02,1933.0
700,2025-12-10 03:44:12.068745+00,2010-07-05,1912.0
701,2025-12-10 03:44:13.572037+00,2010-07-06,1946.0
702,2025-12-10 03:44:15.07459+00,2010-07-07,1954.5
703,2025-12-10 03:44:16.566418+00,2010-07-08,1977.0
704,2025-12-10 03:44:18.045924+00,2010-07-09,1970.5
705,2025-12-10 03:44:19.525749+00,2010-07-12,1967.0
706,2025-12-10 03:44:21.022025+00,2010-07-13,1948.0
707,2025-12-10 03:44:22.523432+00,2010-07-14,2003.5
708,2025-12-10 03:44:24.027191+00,2010-07-15,1991.0
709,2025-12-10 03:44:25.547968+00,2010-07-16,2008.5
710,2025-12-10 03:44:27.026739+00,2010-07-19,1947.0
711,2025-12-10 03:44:28.552794+00,2010-07-20,1930.5
712,2025-12-10 03:44:30.035255+00,2010-07-21,1975.5
713,2025-12-10 03:44:31.616643+00,2010-07-22,2006.5
714,2025-12-10 03:44:33.176659+00,2010-07-23,2008.5
715,2025-12-10 03:44:34.874031+00,2010-07-26,2021.0
716,2025-12-10 03:44:36.420775+00,2010-07-27,2045.0
717,2025-12-10 03:44:37.946418+00,2010-07-28,2059.0
718,2025-12-10 03:44:39.444212+00,2010-07-29,2083.0
719,2025-12-10 03:44:40.948804+00,2010-07-30,2127.0
720,2025-12-10 03:44:44.082031+00,2010-08-02,2184.5
721,2025-12-10 03:44:45.584535+00,2010-08-03,2200.0
722,2025-12-10 03:44:47.062936+00,2010-08-04,2201.0
723,2025-12-10 03:44:48.545968+00,2010-08-05,2212.5
724,2025-12-10 03:44:50.086112+00,2010-08-06,2217.0
725,2025-12-10 03:44:51.588616+00,2010-08-09,2201.0
726,2025-12-10 03:44:53.095749+00,2010-08-10,2145.0
727,2025-12-10 03:44:54.61907+00,2010-08-11,2151.0
728,2025-12-10 03:44:56.143953+00,2010-08-12,2131.5
729,2025-12-10 03:44:57.672264+00,2010-08-13,2143.0
730,2025-12-10 03:44:59.169513+00,2010-08-16,2121.0
731,2025-12-10 03:45:00.752612+00,2010-08-17,2135.0
732,2025-12-10 03:45:02.27297+00,2010-08-18,2146.0
733,2025-12-10 03:45:03.798217+00,2010-08-19,2094.0
734,2025-12-10 03:45:05.299554+00,2010-08-20,2045.0
735,2025-12-10 03:45:06.822045+00,2010-08-23,2059.0
736,2025-12-10 03:45:08.350878+00,2010-08-24,2038.5
737,2025-12-10 03:45:09.857685+00,2010-08-25,2016.0
738,2025-12-10 03:45:11.325101+00,2010-08-26,1998.5
739,2025-12-10 03:45:12.82272+00,2010-08-27,1996.5
740,2025-12-10 03:45:14.307544+00,2010-08-31,2045.0
741,2025-12-10 03:45:15.811343+00,2010-09-01,2059.0
742,2025-12-10 03:45:17.355976+00,2010-09-02,2105.0
743,2025-12-10 03:45:18.921065+00,2010-09-03,2128.5
748,2025-12-10 03:45:28.649259+00,2010-09-06,2148.5
749,2025-12-10 03:45:30.177877+00,2010-09-07,2110.0
750,2025-12-10 03:45:31.678627+00,2010-09-08,2120.5
751,2025-12-10 03:45:33.227618+00,2010-09-09,2082.5
752,2025-12-10 03:45:34.776989+00,2010-09-10,2083.5
753,2025-12-10 03:45:36.283943+00,2010-09-13,2108.0
754,2025-12-10 03:45:37.844074+00,2010-09-14,2101.5
755,2025-12-10 03:45:39.403827+00,2010-09-15,2117.5
756,2025-12-10 03:45:40.88007+00,2010-09-16,2132.0
757,2025-12-10 03:45:42.360526+00,2010-09-17,2156.0
758,2025-12-10 03:45:43.835439+00,2010-09-20,2174.0
759,2025-12-10 03:45:45.298385+00,2010-09-21,2167.0
760,2025-12-10 03:45:46.768326+00,2010-09-22,2158.5
761,2025-12-10 03:45:48.235088+00,2010-09-23,2233.5
762,2025-12-10 03:45:49.694902+00,2010-09-24,2272.0
763,2025-12-10 03:45:51.181506+00,2010-09-27,2281.5
764,2025-12-10 03:45:52.656593+00,2010-09-28,2225.0
765,2025-12-10 03:45:54.163476+00,2010-09-29,2293.5
766,2025-12-10 03:45:55.658874+00,2010-09-30,2314.0
767,2025-12-10 03:45:57.13975+00,2010-10-01,2345.0
773,2025-12-10 03:46:07.598328+00,2010-10-04,2332.0
774,2025-12-10 03:46:09.081341+00,2010-10-05,2335.0
775,2025-12-10 03:46:10.611183+00,2010-10-06,2335.0
776,2025-12-10 03:46:12.094242+00,2010-10-07,2343.0
777,2025-12-10 03:46:13.564473+00,2010-10-08,2321.0
778,2025-12-10 03:46:15.061512+00,2010-10-11,2391.0
779,2025-12-10 03:46:16.584694+00,2010-10-12,2386.0
780,2025-12-10 03:46:18.073886+00,2010-10-13,2390.0
781,2025-12-10 03:46:19.580386+00,2010-10-14,2402.0
782,2025-12-10 03:46:21.057336+00,2010-10-15,2368.0
783,2025-12-10 03:46:22.551469+00,2010-10-18,2348.5
784,2025-12-10 03:46:24.020879+00,2010-10-19,2356.5
785,2025-12-10 03:46:25.53318+00,2010-10-20,2325.0
786,2025-12-10 03:46:27.050834+00,2010-10-21,2348.0
787,2025-12-10 03:46:28.636848+00,2010-10-22,2326.5
788,2025-12-10 03:46:30.116448+00,2010-10-25,2362.0
789,2025-12-10 03:46:31.608685+00,2010-10-26,2332.0
790,2025-12-10 03:46:33.146951+00,2010-10-27,2322.0
791,2025-12-10 03:46:34.620884+00,2010-10-28,2308.0
792,2025-12-10 03:46:36.128981+00,2010-10-29,2302.0
793,2025-12-10 03:46:39.29479+00,2010-11-01,2369.0
794,2025-12-10 03:46:40.808792+00,2010-11-02,2386.0
795,2025-12-10 03:46:42.301775+00,2010-11-03,2401.5
796,2025-12-10 03:46:43.812699+00,2010-11-04,2441.0
797,2025-12-10 03:46:45.315738+00,2010-11-05,2438.0
798,2025-12-10 03:46:46.819731+00,2010-11-08,2415.0
799,2025-12-10 03:46:48.312161+00,2010-11-09,2426.0
800,2025-12-10 03:46:49.826035+00,2010-11-10,2430.5
801,2025-12-10 03:46:51.331189+00,2010-11-11,2446.0
802,2025-12-10 03:46:52.864769+00,2010-11-12,2434.0
803,2025-12-10 03:46:54.355598+00,2010-11-15,2350.0
804,2025-12-10 03:46:55.851258+00,2010-11-16,2329.5
805,2025-12-10 03:46:57.379123+00,2010-11-17,2225.0
806,2025-12-10 03:46:58.878434+00,2010-11-18,2263.0
807,2025-12-10 03:47:00.343752+00,2010-11-19,2260.0
808,2025-12-10 03:47:01.836582+00,2010-11-22,2265.5
809,2025-12-10 03:47:03.332964+00,2010-11-23,2221.0
810,2025-12-10 03:47:04.837631+00,2010-11-24,2242.0
811,2025-12-10 03:47:06.335107+00,2010-11-25,2238.5
812,2025-12-10 03:47:07.834937+00,2010-11-26,2243.0
813,2025-12-10 03:47:09.328329+00,2010-11-29,2258.0
814,2025-12-10 03:47:10.805309+00,2010-11-30,2245.0
815,2025-12-10 03:47:12.302904+00,2010-12-01,2290.0
816,2025-12-10 03:47:13.815173+00,2010-12-02,2326.0
817,2025-12-10 03:47:15.315949+00,2010-12-03,2324.0
818,2025-12-10 03:47:18.266518+00,2011-01-04,2472.0
819,2025-12-10 03:47:19.751375+00,2011-01-05,2445.5
820,2025-12-10 03:47:21.33321+00,2011-01-06,2470.0
821,2025-12-10 03:47:22.855531+00,2011-01-07,2492.5
822,2025-12-10 03:47:24.367017+00,2011-01-10,2466.0
823,2025-12-10 03:47:25.878291+00,2011-01-11,2489.0
824,2025-12-10 03:47:27.384175+00,2011-01-12,2484.5
825,2025-12-10 03:47:28.890392+00,2011-01-13,2479.5
826,2025-12-10 03:47:30.399133+00,2011-01-14,2453.0
827,2025-12-10 03:47:31.882235+00,2011-01-17,2439.0
828,2025-12-10 03:47:33.365932+00,2011-01-18,2444.5
829,2025-12-10 03:47:34.88066+00,2011-01-19,2445.0
830,2025-12-10 03:47:36.53418+00,2011-01-20,2373.5
831,2025-12-10 03:47:38.003393+00,2011-01-21,2390.0
832,2025-12-10 03:47:39.478378+00,2011-01-24,2395.0
833,2025-12-10 03:47:40.974847+00,2011-01-25,2360.0
834,2025-12-10 03:47:42.44155+00,2011-01-26,2363.0
835,2025-12-10 03:47:43.913883+00,2011-01-27,2391.0
836,2025-12-10 03:47:45.427418+00,2011-01-28,2455.0
837,2025-12-10 03:47:46.901069+00,2011-01-31,2482.5
838,2025-12-10 03:47:48.398277+00,2011-02-01,2531.0
839,2025-12-10 03:47:49.892876+00,2011-02-02,2522.5
840,2025-12-10 03:47:51.371407+00,2011-02-03,2516.0
841,2025-12-10 03:47:52.856766+00,2011-02-04,2523.5
847,2025-12-10 03:48:03.874433+00,2011-02-07,2539.5
848,2025-12-10 03:48:05.372916+00,2011-02-08,2520.0
849,2025-12-10 03:48:06.943029+00,2011-02-09,2538.0
850,2025-12-10 03:48:08.42221+00,2011-02-10,2503.5
851,2025-12-10 03:48:09.92406+00,2011-02-11,2490.5
852,2025-12-10 03:48:11.443467+00,2011-02-14,2485.0
853,2025-12-10 03:48:12.904771+00,2011-02-15,2482.5
854,2025-12-10 03:48:14.403463+00,2011-02-16,2476.5
855,2025-12-10 03:48:15.883148+00,2011-02-17,2474.0
856,2025-12-10 03:48:17.398859+00,2011-02-18,2509.0
857,2025-12-10 03:48:18.934709+00,2011-02-21,2532.0
858,2025-12-10 03:48:20.432644+00,2011-02-22,2478.0
859,2025-12-10 03:48:21.914844+00,2011-02-23,2489.5
860,2025-12-10 03:48:23.402376+00,2011-02-24,2491.0
861,2025-12-10 03:48:24.90079+00,2011-02-25,2530.0
862,2025-12-10 03:48:26.367196+00,2011-02-28,2531.5
863,2025-12-10 03:48:27.846657+00,2011-03-01,2582.0
864,2025-12-10 03:48:29.392274+00,2011-03-02,2555.0
865,2025-12-10 03:48:30.88233+00,2011-03-03,2579.0
866,2025-12-10 03:48:32.361091+00,2011-03-04,2588.0
872,2025-12-10 03:48:43.07751+00,2011-03-07,2566.0
873,2025-12-10 03:48:44.587242+00,2011-03-08,2535.0
874,2025-12-10 03:48:46.145951+00,2011-03-09,2579.5
875,2025-12-10 03:48:47.634571+00,2011-03-10,2546.5
876,2025-12-10 03:48:49.228469+00,2011-03-11,2491.0
877,2025-12-10 03:48:50.748474+00,2011-03-14,2500.0
878,2025-12-10 03:48:52.302936+00,2011-03-15,2474.0
879,2025-12-10 03:48:53.84934+00,2011-03-16,2468.0
880,2025-12-10 03:48:55.355398+00,2011-03-17,2475.5
881,2025-12-10 03:48:56.880825+00,2011-03-18,2508.0
882,2025-12-10 03:48:58.388324+00,2011-03-21,2536.5
883,2025-12-10 03:48:59.895364+00,2011-03-22,2548.5
884,2025-12-10 03:49:01.408705+00,2011-03-23,2600.5
885,2025-12-10 03:49:02.963381+00,2011-03-24,2596.0
886,2025-12-10 03:49:04.472475+00,2011-03-25,2608.5
887,2025-12-10 03:49:06.000431+00,2011-03-28,2585.0
888,2025-12-10 03:49:07.537761+00,2011-03-29,2592.0
889,2025-12-10 03:49:09.048995+00,2011-03-30,2595.5
890,2025-12-10 03:49:10.549519+00,2011-03-31,2600.0
891,2025-12-10 03:49:12.062791+00,2011-04-01,2589.5
897,2025-12-10 03:49:22.696681+00,2011-04-04,2610.5
898,2025-12-10 03:49:24.184762+00,2011-04-05,2593.0
899,2025-12-10 03:49:25.683691+00,2011-04-06,2626.0
900,2025-12-10 03:49:27.16875+00,2011-04-07,2660.0
901,2025-12-10 03:49:28.697174+00,2011-04-08,2672.0
902,2025-12-10 03:49:30.204454+00,2011-04-11,2653.5
903,2025-12-10 03:49:31.707212+00,2011-04-12,2635.0
904,2025-12-10 03:49:33.183103+00,2011-04-13,2635.0
905,2025-12-10 03:49:34.669528+00,2011-04-14,2617.5
906,2025-12-10 03:49:36.170595+00,2011-04-15,2638.0
907,2025-12-10 03:49:37.715929+00,2011-04-18,2659.0
908,2025-12-10 03:49:39.308659+00,2011-04-19,2660.5
909,2025-12-10 03:49:40.814002+00,2011-04-20,2714.0
910,2025-12-10 03:49:42.312901+00,2011-04-21,2731.5
911,2025-12-10 03:49:43.813514+00,2011-04-26,2721.0
912,2025-12-10 03:49:45.299688+00,2011-04-27,2740.0
913,2025-12-10 03:49:46.796942+00,2011-04-28,2772.0
914,2025-12-10 03:49:50.867454+00,2011-05-03,2740.5
915,2025-12-10 03:49:52.365529+00,2011-05-04,2753.5
916,2025-12-10 03:49:53.835247+00,2011-05-05,2681.0
917,2025-12-10 03:49:55.321383+00,2011-05-06,2609.5
918,2025-12-10 03:49:56.820714+00,2011-05-09,2620.0
919,2025-12-10 03:49:58.333486+00,2011-05-10,2650.0
920,2025-12-10 03:49:59.810071+00,2011-05-11,2618.5
921,2025-12-10 03:50:01.282767+00,2011-05-12,2601.0
922,2025-12-10 03:50:02.773955+00,2011-05-13,2648.0
923,2025-12-10 03:50:04.270728+00,2011-05-16,2578.0
924,2025-12-10 03:50:05.770643+00,2011-05-17,2525.0
925,2025-12-10 03:50:07.273386+00,2011-05-18,2511.0
926,2025-12-10 03:50:08.760465+00,2011-05-19,2517.0
927,2025-12-10 03:50:10.261024+00,2011-05-20,2495.0
928,2025-12-10 03:50:11.742632+00,2011-05-23,2468.5
929,2025-12-10 03:50:13.2583+00,2011-05-24,2500.0
930,2025-12-10 03:50:14.735682+00,2011-05-25,2540.0
931,2025-12-10 03:50:16.221808+00,2011-05-26,2540.0
932,2025-12-10 03:50:17.707829+00,2011-05-27,2598.0
933,2025-12-10 03:50:19.208098+00,2011-05-31,2649.0
934,2025-12-10 03:50:20.689262+00,2011-06-01,2653.0
935,2025-12-10 03:50:22.173606+00,2011-06-02,2632.0
936,2025-12-10 03:50:23.726002+00,2011-06-03,2609.5
941,2025-12-10 03:50:32.956479+00,2011-06-06,2627.0
942,2025-12-10 03:50:34.443453+00,2011-06-07,2664.5
943,2025-12-10 03:50:35.938442+00,2011-06-08,2645.5
944,2025-12-10 03:50:37.431097+00,2011-06-09,2625.5
945,2025-12-10 03:50:38.941552+00,2011-06-10,2605.0
946,2025-12-10 03:50:40.411249+00,2011-06-13,2560.0
947,2025-12-10 03:50:41.905472+00,2011-06-14,2575.5
948,2025-12-10 03:50:43.407366+00,2011-06-15,2578.5
949,2025-12-10 03:50:44.891747+00,2011-06-16,2515.5
950,2025-12-10 03:50:46.362467+00,2011-06-17,2519.0
951,2025-12-10 03:50:47.858976+00,2011-06-20,2491.0
952,2025-12-10 03:50:49.354905+00,2011-06-21,2520.0
953,2025-12-10 03:50:50.831507+00,2011-06-22,2508.0
954,2025-12-10 03:50:52.303779+00,2011-06-23,2477.0
955,2025-12-10 03:50:53.808961+00,2011-06-24,2465.5
956,2025-12-10 03:50:55.312114+00,2011-06-27,2466.5
957,2025-12-10 03:50:56.82827+00,2011-06-28,2480.0
958,2025-12-10 03:50:58.361751+00,2011-06-29,2491.5
959,2025-12-10 03:50:59.859123+00,2011-06-30,2509.0
960,2025-12-10 03:51:01.402146+00,2011-07-01,2486.0
966,2025-12-10 03:51:13.29571+00,2011-07-04,2460.5
967,2025-12-10 03:51:14.796705+00,2011-07-05,2485.5
968,2025-12-10 03:51:16.295525+00,2011-07-06,2517.0
969,2025-12-10 03:51:17.803963+00,2011-07-07,2529.0
970,2025-12-10 03:51:19.313607+00,2011-07-08,2545.5
971,2025-12-10 03:51:20.822479+00,2011-07-11,2452.0
972,2025-12-10 03:51:22.330064+00,2011-07-12,2444.0
973,2025-12-10 03:51:23.814709+00,2011-07-13,2450.5
974,2025-12-10 03:51:25.317648+00,2011-07-14,2477.0
975,2025-12-10 03:51:26.816463+00,2011-07-15,2450.0
976,2025-12-10 03:51:28.328536+00,2011-07-18,2444.5
977,2025-12-10 03:51:29.864972+00,2011-07-19,2482.0
978,2025-12-10 03:51:31.37638+00,2011-07-20,2515.0
979,2025-12-10 03:51:32.875143+00,2011-07-21,2474.0
980,2025-12-10 03:51:34.371131+00,2011-07-22,2548.0
981,2025-12-10 03:51:35.873959+00,2011-07-25,2573.0
982,2025-12-10 03:51:37.367781+00,2011-07-26,2613.0
983,2025-12-10 03:51:38.905417+00,2011-07-27,2622.5
984,2025-12-10 03:51:40.400405+00,2011-07-28,2601.0
985,2025-12-10 03:51:41.910079+00,2011-07-29,2582.0
986,2025-12-10 03:51:45.653039+00,2011-08-01,2605.5
987,2025-12-10 03:51:47.152136+00,2011-08-02,2541.0
988,2025-12-10 03:51:48.651401+00,2011-08-03,2530.0
989,2025-12-10 03:51:50.159307+00,2011-08-04,2473.0
990,2025-12-10 03:51:51.663736+00,2011-08-05,2430.0
991,2025-12-10 03:51:53.161875+00,2011-08-08,2405.0
992,2025-12-10 03:51:54.672102+00,2011-08-09,2390.5
993,2025-12-10 03:51:56.19922+00,2011-08-10,2409.0
994,2025-12-10 03:51:57.712511+00,2011-08-11,2367.5
995,2025-12-10 03:51:59.205252+00,2011-08-12,2379.0
996,2025-12-10 03:52:00.671801+00,2011-08-15,2345.5
997,2025-12-10 03:52:02.355124+00,2011-08-16,2338.5
998,2025-12-10 03:52:03.9596+00,2011-08-17,2348.0
999,2025-12-10 03:52:05.498097+00,2011-08-18,2371.5
1000,2025-12-10 03:52:07.043689+00,2011-08-19,2309.0
1001,2025-12-10 03:52:08.586254+00,2011-08-22,2325.0
1002,2025-12-10 03:52:10.131014+00,2011-08-23,2322.0
1003,2025-12-10 03:52:11.640434+00,2011-08-24,2322.0
1004,2025-12-10 03:52:13.135387+00,2011-08-25,2334.0
1005,2025-12-10 03:52:14.653399+00,2011-08-26,2329.0
1006,2025-12-10 03:52:16.156512+00,2011-08-30,2361.0
1007,2025-12-10 03:52:17.657567+00,2011-08-31,2402.5
1008,2025-12-10 03:52:19.168847+00,2011-09-01,2401.5
1009,2025-12-10 03:52:20.694023+00,2011-09-02,2400.0
1014,2025-12-10 03:52:30.882892+00,2011-09-05,2363.5
1015,2025-12-10 03:52:32.356141+00,2011-09-06,2346.0
1016,2025-12-10 03:52:33.878966+00,2011-09-07,2355.5
1017,2025-12-10 03:52:35.388049+00,2011-09-08,2366.0
1018,2025-12-10 03:52:36.893698+00,2011-09-09,2343.0
1019,2025-12-10 03:52:38.390251+00,2011-09-12,2319.0
1020,2025-12-10 03:52:39.963504+00,2011-09-13,2354.5
1021,2025-12-10 03:52:41.462885+00,2011-09-14,2329.5
1022,2025-12-10 03:52:42.959919+00,2011-09-15,2339.0
1023,2025-12-10 03:52:44.444583+00,2011-09-16,2346.0
1024,2025-12-10 03:52:46.06384+00,2011-09-19,2310.0
1025,2025-12-10 03:52:47.550989+00,2011-09-20,2304.0
1026,2025-12-10 03:52:49.041867+00,2011-09-21,2266.5
1027,2025-12-10 03:52:50.528266+00,2011-09-22,2225.0
1028,2025-12-10 03:52:52.043943+00,2011-09-23,2170.0
1029,2025-12-10 03:52:53.555408+00,2011-09-26,2195.5
1030,2025-12-10 03:52:55.061404+00,2011-09-27,2194.0
1031,2025-12-10 03:52:56.57147+00,2011-09-28,2205.5
1032,2025-12-10 03:52:58.069516+00,2011-09-29,2186.0
1033,2025-12-10 03:52:59.553205+00,2011-09-30,2207.0
1034,2025-12-10 03:53:02.822382+00,2011-10-03,2120.5
1035,2025-12-10 03:53:04.32132+00,2011-10-04,2133.0
1036,2025-12-10 03:53:05.822053+00,2011-10-05,2132.0
1037,2025-12-10 03:53:07.291298+00,2011-10-06,2170.0
1038,2025-12-10 03:53:08.771255+00,2011-10-07,2176.5
1039,2025-12-10 03:53:10.236681+00,2011-10-10,2186.0
1040,2025-12-10 03:53:11.717715+00,2011-10-11,2185.0
1041,2025-12-10 03:53:13.227125+00,2011-10-12,2202.5
1042,2025-12-10 03:53:14.745051+00,2011-10-13,2178.0
1043,2025-12-10 03:53:16.233631+00,2011-10-14,2171.0
1044,2025-12-10 03:53:17.706699+00,2011-10-17,2210.0
1045,2025-12-10 03:53:19.192756+00,2011-10-18,2157.5
1046,2025-12-10 03:53:20.672415+00,2011-10-19,2171.5
1047,2025-12-10 03:53:22.166477+00,2011-10-20,2121.5
1048,2025-12-10 03:53:23.643126+00,2011-10-21,2110.0
1049,2025-12-10 03:53:25.16202+00,2011-10-24,2158.5
1050,2025-12-10 03:53:26.672546+00,2011-10-25,2195.0
1051,2025-12-10 03:53:28.170989+00,2011-10-26,2195.5
1052,2025-12-10 03:53:29.670006+00,2011-10-27,2234.0
1053,2025-12-10 03:53:31.182206+00,2011-10-28,2221.5
1054,2025-12-10 03:53:32.699759+00,2011-10-31,2187.0
1055,2025-12-10 03:53:34.216022+00,2011-11-01,2092.0
1056,2025-12-10 03:53:35.688788+00,2011-11-02,2103.5
1057,2025-12-10 03:53:37.182633+00,2011-11-03,2123.5
1058,2025-12-10 03:53:38.688589+00,2011-11-04,2130.5
1064,2025-12-10 03:53:49.149797+00,2011-11-07,2118.0
1065,2025-12-10 03:53:50.677574+00,2011-11-08,2093.0
1066,2025-12-10 03:53:52.184731+00,2011-11-09,2109.0
1067,2025-12-10 03:53:53.676529+00,2011-11-10,2112.0
1068,2025-12-10 03:53:55.166329+00,2011-11-11,2115.5
1069,2025-12-10 03:53:56.643461+00,2011-11-14,2144.0
1070,2025-12-10 03:53:58.121107+00,2011-11-15,2117.5
1071,2025-12-10 03:53:59.61781+00,2011-11-16,2097.5
1072,2025-12-10 03:54:01.125044+00,2011-11-17,2085.0
1073,2025-12-10 03:54:02.617932+00,2011-11-18,2085.5
1074,2025-12-10 03:54:04.136452+00,2011-11-21,2075.0
1075,2025-12-10 03:54:05.639823+00,2011-11-22,2059.0
1076,2025-12-10 03:54:07.138573+00,2011-11-23,1992.5
1077,2025-12-10 03:54:08.638591+00,2011-11-24,2002.5
1078,2025-12-10 03:54:10.129796+00,2011-11-25,1988.0
1079,2025-12-10 03:54:11.620464+00,2011-11-28,2006.5
1080,2025-12-10 03:54:13.122591+00,2011-11-29,1991.0
1081,2025-12-10 03:54:14.630653+00,2011-11-30,1977.0
1082,2025-12-10 03:54:16.130704+00,2011-12-01,2103.5
1083,2025-12-10 03:54:17.62368+00,2011-12-02,2140.0
1084,2025-12-10 03:54:21.7349+00,2012-01-03,2108.5
1085,2025-12-10 03:54:23.242565+00,2012-01-04,2056.0
1086,2025-12-10 03:54:24.752184+00,2012-01-05,2003.5
1087,2025-12-10 03:54:26.248981+00,2012-01-06,2020.0
1088,2025-12-10 03:54:27.760454+00,2012-01-09,2061.5
1089,2025-12-10 03:54:29.268286+00,2012-01-10,2138.0
1090,2025-12-10 03:54:30.776865+00,2012-01-11,2134.5
1091,2025-12-10 03:54:32.270966+00,2012-01-12,2157.5
1092,2025-12-10 03:54:33.849751+00,2012-01-13,2110.0
1093,2025-12-10 03:54:35.352334+00,2012-01-16,2121.0
1094,2025-12-10 03:54:36.856162+00,2012-01-17,2171.5
1095,2025-12-10 03:54:38.346249+00,2012-01-18,2175.0
1096,2025-12-10 03:54:39.81586+00,2012-01-19,2181.0
1097,2025-12-10 03:54:41.323993+00,2012-01-20,2184.0
1098,2025-12-10 03:54:42.814714+00,2012-01-23,2193.5
1099,2025-12-10 03:54:44.325164+00,2012-01-24,2190.5
1100,2025-12-10 03:54:45.870825+00,2012-01-25,2186.0
1101,2025-12-10 03:54:47.342589+00,2012-01-26,2232.0
1102,2025-12-10 03:54:48.877002+00,2012-01-27,2241.5
1103,2025-12-10 03:54:50.34884+00,2012-01-30,2210.5
1104,2025-12-10 03:54:51.848014+00,2012-01-31,2257.5
1105,2025-12-10 03:54:53.36551+00,2012-02-01,2219.5
1106,2025-12-10 03:54:54.833698+00,2012-02-02,2201.0
1107,2025-12-10 03:54:56.343705+00,2012-02-03,2159.0
1113,2025-12-10 03:55:08.468692+00,2012-02-06,2175.5
1114,2025-12-10 03:55:09.989305+00,2012-02-07,2173.0
1115,2025-12-10 03:55:11.520228+00,2012-02-08,2236.5
1116,2025-12-10 03:55:13.067538+00,2012-02-09,2232.5
1117,2025-12-10 03:55:14.608377+00,2012-02-10,2218.5
1118,2025-12-10 03:55:16.1411+00,2012-02-13,2207.5
1119,2025-12-10 03:55:17.648577+00,2012-02-14,2163.5
1120,2025-12-10 03:55:19.197252+00,2012-02-15,2174.0
1121,2025-12-10 03:55:20.726477+00,2012-02-16,2117.0
1122,2025-12-10 03:55:22.269265+00,2012-02-17,2127.5
1123,2025-12-10 03:55:23.849553+00,2012-02-20,2130.5
1124,2025-12-10 03:55:25.371157+00,2012-02-21,2175.5
1125,2025-12-10 03:55:26.865604+00,2012-02-22,2212.0
1126,2025-12-10 03:55:28.344975+00,2012-02-23,2229.0
1127,2025-12-10 03:55:29.833886+00,2012-02-24,2253.0
1128,2025-12-10 03:55:31.328095+00,2012-02-27,2267.0
1129,2025-12-10 03:55:32.822623+00,2012-02-28,2308.0
1130,2025-12-10 03:55:34.314143+00,2012-02-29,2301.5
1131,2025-12-10 03:55:35.819578+00,2012-03-01,2289.0
1132,2025-12-10 03:55:37.335888+00,2012-03-02,2295.5
1138,2025-12-10 03:55:48.43198+00,2012-03-05,2253.5
1139,2025-12-10 03:55:49.981065+00,2012-03-06,2202.5
1140,2025-12-10 03:55:51.482522+00,2012-03-07,2173.0
1141,2025-12-10 03:55:52.94996+00,2012-03-08,2175.0
1142,2025-12-10 03:55:54.431453+00,2012-03-09,2170.0
1143,2025-12-10 03:55:55.96373+00,2012-03-12,2166.5
1144,2025-12-10 03:55:57.460151+00,2012-03-13,2187.5
1145,2025-12-10 03:55:58.955404+00,2012-03-14,2196.5
1146,2025-12-10 03:56:00.456818+00,2012-03-15,2195.5
1147,2025-12-10 03:56:01.915524+00,2012-03-16,2222.5
1148,2025-12-10 03:56:03.403813+00,2012-03-19,2219.0
1149,2025-12-10 03:56:04.895158+00,2012-03-20,2200.5
1150,2025-12-10 03:56:06.386918+00,2012-03-21,2192.5
1151,2025-12-10 03:56:08.016365+00,2012-03-22,2139.5
1152,2025-12-10 03:56:09.507434+00,2012-03-23,2131.0
1153,2025-12-10 03:56:11.039706+00,2012-03-26,2137.0
1154,2025-12-10 03:56:12.531609+00,2012-03-27,2133.0
1155,2025-12-10 03:56:14.059831+00,2012-03-28,2138.0
1156,2025-12-10 03:56:15.589215+00,2012-03-29,2107.5
1157,2025-12-10 03:56:17.091692+00,2012-03-30,2098.5
1158,2025-12-10 03:56:20.065424+00,2012-04-02,2081.5
1159,2025-12-10 03:56:21.55472+00,2012-04-03,2091.0
1160,2025-12-10 03:56:23.048913+00,2012-04-04,2059.5
1161,2025-12-10 03:56:24.553591+00,2012-04-05,2054.0
1162,2025-12-10 03:56:26.034438+00,2012-04-10,2050.5
1163,2025-12-10 03:56:27.51852+00,2012-04-11,2036.0
1164,2025-12-10 03:56:28.995007+00,2012-04-12,2070.0
1165,2025-12-10 03:56:30.490761+00,2012-04-13,2046.0
1166,2025-12-10 03:56:31.973704+00,2012-04-16,2027.0
1167,2025-12-10 03:56:33.486418+00,2012-04-17,2040.5
1168,2025-12-10 03:56:34.978044+00,2012-04-18,2028.5
1169,2025-12-10 03:56:36.487385+00,2012-04-19,2016.5
1170,2025-12-10 03:56:37.973164+00,2012-04-20,2034.5
1171,2025-12-10 03:56:39.455938+00,2012-04-23,2011.5
1172,2025-12-10 03:56:40.988923+00,2012-04-24,2030.0
1173,2025-12-10 03:56:42.461985+00,2012-04-25,2040.0
1174,2025-12-10 03:56:43.926701+00,2012-04-26,2040.5
1175,2025-12-10 03:56:45.415955+00,2012-04-27,2068.5
1176,2025-12-10 03:56:47.000375+00,2012-04-30,2058.0
1177,2025-12-10 03:56:48.491847+00,2012-05-01,2067.0
1178,2025-12-10 03:56:49.987047+00,2012-05-02,2064.5
1179,2025-12-10 03:56:51.51816+00,2012-05-03,2047.5
1180,2025-12-10 03:56:52.995957+00,2012-05-04,2048.0
1186,2025-12-10 03:57:03.51279+00,2012-05-08,2026.0
1187,2025-12-10 03:57:04.998759+00,2012-05-09,1987.0
1188,2025-12-10 03:57:06.473705+00,2012-05-10,2003.5
1189,2025-12-10 03:57:07.968257+00,2012-05-11,1992.0
1190,2025-12-10 03:57:09.458493+00,2012-05-14,1982.0
1191,2025-12-10 03:57:10.946795+00,2012-05-15,1979.5
1192,2025-12-10 03:57:12.444772+00,2012-05-16,1994.5
1193,2025-12-10 03:57:13.947117+00,2012-05-17,1987.0
1194,2025-12-10 03:57:15.435912+00,2012-05-18,2016.5
1195,2025-12-10 03:57:16.942334+00,2012-05-21,2004.0
1196,2025-12-10 03:57:18.458469+00,2012-05-22,1996.5
1197,2025-12-10 03:57:19.961231+00,2012-05-23,1975.0
1198,2025-12-10 03:57:21.450567+00,2012-05-24,1969.0
1199,2025-12-10 03:57:23.031679+00,2012-05-25,1979.5
1200,2025-12-10 03:57:24.547887+00,2012-05-28,1980.5
1201,2025-12-10 03:57:26.078618+00,2012-05-29,1979.5
1202,2025-12-10 03:57:27.590317+00,2012-05-30,1957.5
1203,2025-12-10 03:57:29.102406+00,2012-05-31,1973.5
1204,2025-12-10 03:57:30.607802+00,2012-06-01,1937.0
1210,2025-12-10 03:57:41.145633+00,2012-06-06,1945.0
1211,2025-12-10 03:57:42.627251+00,2012-06-07,1947.0
1212,2025-12-10 03:57:44.092082+00,2012-06-08,1938.5
1213,2025-12-10 03:57:45.576617+00,2012-06-11,1943.5
1214,2025-12-10 03:57:47.051869+00,2012-06-12,1926.0
1215,2025-12-10 03:57:48.53582+00,2012-06-13,1924.0
1216,2025-12-10 03:57:50.016674+00,2012-06-14,1924.5
1217,2025-12-10 03:57:51.492225+00,2012-06-15,1914.5
1218,2025-12-10 03:57:52.97232+00,2012-06-18,1882.0
1219,2025-12-10 03:57:54.477186+00,2012-06-19,1878.5
1220,2025-12-10 03:57:55.955089+00,2012-06-20,1879.5
1221,2025-12-10 03:57:57.430737+00,2012-06-21,1842.0
1222,2025-12-10 03:57:58.931984+00,2012-06-22,1823.5
1223,2025-12-10 03:58:00.410653+00,2012-06-25,1817.0
1224,2025-12-10 03:58:01.92505+00,2012-06-26,1810.5
1225,2025-12-10 03:58:03.415342+00,2012-06-27,1810.5
1226,2025-12-10 03:58:04.896884+00,2012-06-28,1832.5
1227,2025-12-10 03:58:06.384742+00,2012-06-29,1834.5
1228,2025-12-10 03:58:09.729341+00,2012-07-02,1867.0
1229,2025-12-10 03:58:11.213502+00,2012-07-03,1911.0
1230,2025-12-10 03:58:12.706073+00,2012-07-04,1930.0
1231,2025-12-10 03:58:14.253323+00,2012-07-05,1914.5
1232,2025-12-10 03:58:16.066732+00,2012-07-06,1888.0
1233,2025-12-10 03:58:17.577965+00,2012-07-09,1876.5
1234,2025-12-10 03:58:19.107396+00,2012-07-10,1890.0
1235,2025-12-10 03:58:20.819641+00,2012-07-11,1872.5
1236,2025-12-10 03:58:22.321008+00,2012-07-12,1835.5
1237,2025-12-10 03:58:23.844376+00,2012-07-13,1861.5
1238,2025-12-10 03:58:25.410514+00,2012-07-16,1862.0
1239,2025-12-10 03:58:26.909062+00,2012-07-17,1888.5
1240,2025-12-10 03:58:28.420376+00,2012-07-18,1868.5
1241,2025-12-10 03:58:30.065886+00,2012-07-19,1909.0
1242,2025-12-10 03:58:31.637087+00,2012-07-20,1894.5
1243,2025-12-10 03:58:33.137398+00,2012-07-23,1835.5
1244,2025-12-10 03:58:34.697381+00,2012-07-24,1840.0
1245,2025-12-10 03:58:36.234058+00,2012-07-25,1847.0
1246,2025-12-10 03:58:37.808986+00,2012-07-26,1865.5
1247,2025-12-10 03:58:39.300597+00,2012-07-27,1860.0
1248,2025-12-10 03:58:40.807871+00,2012-07-30,1851.5
1249,2025-12-10 03:58:42.453066+00,2012-07-31,1862.5
1250,2025-12-10 03:58:44.00426+00,2012-08-01,1844.0
1251,2025-12-10 03:58:45.520801+00,2012-08-02,1821.0
1252,2025-12-10 03:58:47.009839+00,2012-08-03,1806.5
1258,2025-12-10 03:58:57.474338+00,2012-08-06,1829.0
1259,2025-12-10 03:58:58.961962+00,2012-08-07,1863.5
1260,2025-12-10 03:59:00.478667+00,2012-08-08,1873.0
1261,2025-12-10 03:59:01.989949+00,2012-08-09,1866.0
1262,2025-12-10 03:59:03.467665+00,2012-08-10,1835.0
1263,2025-12-10 03:59:04.922124+00,2012-08-13,1824.0
1264,2025-12-10 03:59:06.389396+00,2012-08-14,1813.0
1265,2025-12-10 03:59:07.867067+00,2012-08-15,1803.5
1266,2025-12-10 03:59:09.343495+00,2012-08-16,1793.5
1267,2025-12-10 03:59:10.837146+00,2012-08-17,1810.5
1268,2025-12-10 03:59:12.322806+00,2012-08-20,1799.0
1269,2025-12-10 03:59:13.827453+00,2012-08-21,1821.0
1270,2025-12-10 03:59:15.304011+00,2012-08-22,1829.0
1271,2025-12-10 03:59:16.769494+00,2012-08-23,1861.5
1272,2025-12-10 03:59:18.26623+00,2012-08-24,1871.5
1273,2025-12-10 03:59:19.754251+00,2012-08-28,1883.0
1274,2025-12-10 03:59:21.258773+00,2012-08-29,1873.0
1275,2025-12-10 03:59:22.736329+00,2012-08-30,1868.0
1276,2025-12-10 03:59:24.220909+00,2012-08-31,1849.0
1277,2025-12-10 03:59:27.285534+00,2012-09-03,1880.0
1278,2025-12-10 03:59:28.760652+00,2012-09-04,1927.5
1279,2025-12-10 03:59:30.239522+00,2012-09-05,1928.0
1280,2025-12-10 03:59:31.714524+00,2012-09-06,1963.0
1281,2025-12-10 03:59:33.200788+00,2012-09-07,1988.0
1282,2025-12-10 03:59:34.699402+00,2012-09-10,2032.0
1283,2025-12-10 03:59:36.184557+00,2012-09-11,2058.0
1284,2025-12-10 03:59:37.662757+00,2012-09-12,2074.5
1285,2025-12-10 03:59:39.131289+00,2012-09-13,2082.0
1286,2025-12-10 03:59:40.659241+00,2012-09-14,2177.0
1287,2025-12-10 03:59:42.158724+00,2012-09-17,2162.0
1288,2025-12-10 03:59:43.65038+00,2012-09-18,2153.0
1289,2025-12-10 03:59:45.154169+00,2012-09-19,2124.0
1290,2025-12-10 03:59:46.647386+00,2012-09-20,2096.0
1291,2025-12-10 03:59:48.138966+00,2012-09-21,2093.5
1292,2025-12-10 03:59:49.628302+00,2012-09-24,2059.0
1293,2025-12-10 03:59:51.102395+00,2012-09-25,2069.0
1294,2025-12-10 03:59:52.57684+00,2012-09-26,2049.0
1295,2025-12-10 03:59:54.046156+00,2012-09-27,2068.0
1296,2025-12-10 03:59:55.567441+00,2012-09-28,2094.0
1297,2025-12-10 03:59:58.515977+00,2012-10-01,2068.5
1298,2025-12-10 03:59:59.995217+00,2012-10-02,2104.0
1299,2025-12-10 04:00:01.485297+00,2012-10-03,2070.0
1300,2025-12-10 04:00:02.977724+00,2012-10-04,2088.0
1301,2025-12-10 04:00:04.470684+00,2012-10-05,2087.5
1302,2025-12-10 04:00:05.967493+00,2012-10-08,2046.5
1303,2025-12-10 04:00:07.532162+00,2012-10-09,2040.5
1304,2025-12-10 04:00:09.021279+00,2012-10-10,1992.0
1305,2025-12-10 04:00:10.480963+00,2012-10-11,1992.5
1306,2025-12-10 04:00:11.92063+00,2012-10-12,1975.5
1307,2025-12-10 04:00:13.387145+00,2012-10-15,1950.0
1308,2025-12-10 04:00:14.842484+00,2012-10-16,1931.0
1309,2025-12-10 04:00:16.327974+00,2012-10-17,1932.5
1310,2025-12-10 04:00:17.817379+00,2012-10-18,1971.5
1311,2025-12-10 04:00:19.286879+00,2012-10-19,1976.5
1312,2025-12-10 04:00:20.76676+00,2012-10-22,1932.5
1313,2025-12-10 04:00:22.238159+00,2012-10-23,1913.5
1314,2025-12-10 04:00:23.695929+00,2012-10-24,1907.0
1315,2025-12-10 04:00:25.189262+00,2012-10-25,1909.5
1316,2025-12-10 04:00:26.69139+00,2012-10-26,1899.5
1317,2025-12-10 04:00:28.167707+00,2012-10-29,1873.5
1318,2025-12-10 04:00:29.636031+00,2012-10-30,1884.5
1319,2025-12-10 04:00:31.108057+00,2012-10-31,1882.5
1320,2025-12-10 04:00:32.596939+00,2012-11-01,1908.5
1321,2025-12-10 04:00:34.098377+00,2012-11-02,1937.0
1327,2025-12-10 04:00:45.085855+00,2012-11-05,1884.0
1328,2025-12-10 04:00:46.586253+00,2012-11-06,1887.0
1329,2025-12-10 04:00:48.063826+00,2012-11-07,1901.0
1330,2025-12-10 04:00:49.535854+00,2012-11-08,1897.5
1331,2025-12-10 04:00:51.004663+00,2012-11-09,1889.0
1332,2025-12-10 04:00:52.486337+00,2012-11-12,1929.5
1333,2025-12-10 04:00:53.973524+00,2012-11-13,1944.0
1334,2025-12-10 04:00:55.453085+00,2012-11-14,1966.0
1335,2025-12-10 04:00:56.949952+00,2012-11-15,1932.0
1336,2025-12-10 04:00:58.447679+00,2012-11-16,1921.5
1337,2025-12-10 04:00:59.944983+00,2012-11-19,1928.0
1338,2025-12-10 04:01:01.41611+00,2012-11-20,1952.5
1339,2025-12-10 04:01:02.919845+00,2012-11-21,1928.0
1340,2025-12-10 04:01:04.41819+00,2012-11-22,1915.5
1341,2025-12-10 04:01:05.918234+00,2012-11-23,1929.0
1342,2025-12-10 04:01:07.413189+00,2012-11-26,1976.5
1343,2025-12-10 04:01:08.90372+00,2012-11-27,2003.0
1344,2025-12-10 04:01:10.414036+00,2012-11-28,1992.5
1345,2025-12-10 04:01:11.921982+00,2012-11-29,2046.0
1346,2025-12-10 04:01:13.414124+00,2012-11-30,2079.0
1347,2025-12-10 04:01:16.758709+00,2013-12-31,1764.5
1348,2025-12-10 04:01:18.219578+00,2013-01-02,1755.5
1349,2025-12-10 04:01:19.678274+00,2013-01-03,1738.5
1350,2025-12-10 04:01:21.163883+00,2013-01-04,2056.0
1351,2025-12-10 04:01:22.653281+00,2013-01-07,2005.0
1352,2025-12-10 04:01:24.150685+00,2013-01-08,2027.0
1353,2025-12-10 04:01:25.628941+00,2013-01-09,2061.5
1354,2025-12-10 04:01:27.114124+00,2013-01-10,2074.5
1355,2025-12-10 04:01:28.598288+00,2013-01-11,2077.0
1356,2025-12-10 04:01:30.085522+00,2013-01-14,2062.5
1357,2025-12-10 04:01:31.59518+00,2013-01-15,2002.5
1358,2025-12-10 04:01:33.102557+00,2013-01-16,1991.0
1359,2025-12-10 04:01:34.565879+00,2013-01-17,2003.5
1360,2025-12-10 04:01:36.038549+00,2013-01-18,2021.5
1361,2025-12-10 04:01:37.504652+00,2013-01-21,2001.0
1362,2025-12-10 04:01:38.962116+00,2013-01-22,2009.0
1363,2025-12-10 04:01:40.501467+00,2013-01-23,2047.5
1364,2025-12-10 04:01:41.987388+00,2013-01-24,2027.0
1365,2025-12-10 04:01:43.48551+00,2013-01-25,2042.5
1366,2025-12-10 04:01:44.966898+00,2013-01-28,2006.5
1367,2025-12-10 04:01:46.434094+00,2013-01-29,1998.0
1368,2025-12-10 04:01:47.937432+00,2013-01-30,2046.5
1369,2025-12-10 04:01:49.43482+00,2013-01-31,2073.5
1370,2025-12-10 04:01:50.930336+00,2013-02-01,2056.0
1376,2025-12-10 04:02:01.330568+00,2013-02-04,2079.0
1377,2025-12-10 04:02:02.795392+00,2013-02-05,2075.0
1378,2025-12-10 04:02:04.263466+00,2013-02-06,2059.5
1379,2025-12-10 04:02:05.738187+00,2013-02-07,2066.0
1380,2025-12-10 04:02:07.227252+00,2013-02-08,2066.5
1381,2025-12-10 04:02:08.743098+00,2013-02-11,2076.0
1382,2025-12-10 04:02:10.223214+00,2013-02-12,2059.5
1383,2025-12-10 04:02:11.69612+00,2013-02-13,2087.5
1384,2025-12-10 04:02:13.209779+00,2013-02-14,2115.0
1385,2025-12-10 04:02:14.681536+00,2013-02-15,2123.0
1386,2025-12-10 04:02:16.152988+00,2013-02-18,2086.0
1387,2025-12-10 04:02:17.636585+00,2013-02-19,2075.5
1388,2025-12-10 04:02:19.134148+00,2013-02-20,2065.5
1389,2025-12-10 04:02:20.618163+00,2013-02-21,2047.0
1390,2025-12-10 04:02:22.153286+00,2013-02-22,2024.5
1391,2025-12-10 04:02:23.626673+00,2013-02-25,2004.0
1392,2025-12-10 04:02:25.078192+00,2013-02-26,1971.0
1393,2025-12-10 04:02:26.558846+00,2013-02-27,1972.0
1394,2025-12-10 04:02:28.066962+00,2013-02-28,1960.0
1395,2025-12-10 04:02:29.53274+00,2013-03-01,1914.5
1401,2025-12-10 04:02:39.908154+00,2013-03-04,1927.0
1402,2025-12-10 04:02:41.452511+00,2013-03-05,1943.0
1403,2025-12-10 04:02:42.925702+00,2013-03-06,1928.0
1404,2025-12-10 04:02:44.399677+00,2013-03-07,1910.5
1405,2025-12-10 04:02:45.903896+00,2013-03-08,1927.0
1406,2025-12-10 04:02:47.392+00,2013-03-11,1895.5
1407,2025-12-10 04:02:48.895134+00,2013-03-12,1939.0
1408,2025-12-10 04:02:50.40694+00,2013-03-13,1945.5
1409,2025-12-10 04:02:51.900754+00,2013-03-14,1938.0
1410,2025-12-10 04:02:53.406981+00,2013-03-15,1944.0
1411,2025-12-10 04:02:54.908419+00,2013-03-18,1895.5
1412,2025-12-10 04:02:56.410761+00,2013-03-19,1902.5
1413,2025-12-10 04:02:57.881468+00,2013-03-20,1905.5
1414,2025-12-10 04:02:59.361923+00,2013-03-21,1902.0
1415,2025-12-10 04:03:00.834733+00,2013-03-22,1906.0
1416,2025-12-10 04:03:02.329796+00,2013-03-25,1898.5
1417,2025-12-10 04:03:03.828839+00,2013-03-26,1890.5
1418,2025-12-10 04:03:05.317284+00,2013-03-27,1867.5
1419,2025-12-10 04:03:06.790023+00,2013-03-28,1881.5
1420,2025-12-10 04:03:09.764731+00,2013-04-02,1862.0
1421,2025-12-10 04:03:11.246609+00,2013-04-03,1845.5
1422,2025-12-10 04:03:12.736699+00,2013-04-04,1833.5
1423,2025-12-10 04:03:14.241733+00,2013-04-05,1845.0
1424,2025-12-10 04:03:15.749064+00,2013-04-08,1865.5
1425,2025-12-10 04:03:17.263268+00,2013-04-09,1858.5
1426,2025-12-10 04:03:18.775967+00,2013-04-10,1878.0
1427,2025-12-10 04:03:20.31361+00,2013-04-11,1855.5
1428,2025-12-10 04:03:21.819535+00,2013-04-12,1841.0
1429,2025-12-10 04:03:23.336594+00,2013-04-15,1804.0
1430,2025-12-10 04:03:24.855747+00,2013-04-16,1861.0
1431,2025-12-10 04:03:26.354124+00,2013-04-17,1855.5
1432,2025-12-10 04:03:27.844755+00,2013-04-18,1874.0
1433,2025-12-10 04:03:29.404726+00,2013-04-19,1871.5
1434,2025-12-10 04:03:30.908308+00,2013-04-22,1841.0
1435,2025-12-10 04:03:32.408558+00,2013-04-23,1858.5
1436,2025-12-10 04:03:33.894233+00,2013-04-24,1871.0
1437,2025-12-10 04:03:35.383545+00,2013-04-25,1883.0
1438,2025-12-10 04:03:36.873212+00,2013-04-26,1890.0
1439,2025-12-10 04:03:38.38601+00,2013-04-29,1846.5
1440,2025-12-10 04:03:39.869743+00,2013-04-30,1846.5
1441,2025-12-10 04:03:41.437646+00,2013-05-01,1788.5
1442,2025-12-10 04:03:42.985374+00,2013-05-02,1803.0
1443,2025-12-10 04:03:44.480508+00,2013-05-03,1828.0
1449,2025-12-10 04:03:54.889961+00,2013-05-07,1841.5
1450,2025-12-10 04:03:56.3968+00,2013-05-08,1886.5
1451,2025-12-10 04:03:57.922532+00,2013-05-09,1864.5
1452,2025-12-10 04:03:59.402194+00,2013-05-10,1848.0
1453,2025-12-10 04:04:00.891504+00,2013-05-13,1827.5
1454,2025-12-10 04:04:02.383202+00,2013-05-14,1825.5
1455,2025-12-10 04:04:03.882127+00,2013-05-15,1800.5
1456,2025-12-10 04:04:05.373312+00,2013-05-16,1802.5
1457,2025-12-10 04:04:06.894821+00,2013-05-17,1840.5
1458,2025-12-10 04:04:08.408945+00,2013-05-20,1811.0
1459,2025-12-10 04:04:09.934697+00,2013-05-21,1835.0
1460,2025-12-10 04:04:11.465519+00,2013-05-22,1837.5
1461,2025-12-10 04:04:13.027465+00,2013-05-23,1826.0
1462,2025-12-10 04:04:14.590517+00,2013-05-24,1814.5
1463,2025-12-10 04:04:16.127114+00,2013-05-28,1808.0
1464,2025-12-10 04:04:17.629913+00,2013-05-29,1821.0
1465,2025-12-10 04:04:19.131553+00,2013-05-30,1857.0
1466,2025-12-10 04:04:20.788218+00,2013-05-31,1875.5
1467,2025-12-10 04:04:23.686523+00,2013-06-03,1888.5
1468,2025-12-10 04:04:25.179783+00,2013-06-04,1902.5
1469,2025-12-10 04:04:26.651971+00,2013-06-05,1939.0
1470,2025-12-10 04:04:28.161418+00,2013-06-06,1927.5
1471,2025-12-10 04:04:29.672091+00,2013-06-07,1933.5
1472,2025-12-10 04:04:31.17732+00,2013-06-10,1884.0
1473,2025-12-10 04:04:32.737444+00,2013-06-11,1848.5
1474,2025-12-10 04:04:34.231866+00,2013-06-12,1843.0
1475,2025-12-10 04:04:35.720779+00,2013-06-13,1813.0
1476,2025-12-10 04:04:37.224492+00,2013-06-14,1815.5
1477,2025-12-10 04:04:38.718131+00,2013-06-17,1789.5
1478,2025-12-10 04:04:40.239723+00,2013-06-18,1795.0
1479,2025-12-10 04:04:41.750217+00,2013-06-19,1792.5
1480,2025-12-10 04:04:43.22451+00,2013-06-20,1748.5
1481,2025-12-10 04:04:44.695718+00,2013-06-21,1748.0
1482,2025-12-10 04:04:46.167316+00,2013-06-24,1729.0
1483,2025-12-10 04:04:47.642957+00,2013-06-25,1744.5
1484,2025-12-10 04:04:49.135482+00,2013-06-26,1733.0
1485,2025-12-10 04:04:50.61298+00,2013-06-27,1719.5
1486,2025-12-10 04:04:52.099446+00,2013-06-28,1731.0
1487,2025-12-10 04:04:55.121025+00,2013-07-01,1754.0
1488,2025-12-10 04:04:56.626715+00,2013-07-02,1792.5
1489,2025-12-10 04:04:58.114628+00,2013-07-03,1774.5
1490,2025-12-10 04:04:59.595087+00,2013-07-04,1767.5
1491,2025-12-10 04:05:01.068103+00,2013-07-05,1743.0
1492,2025-12-10 04:05:02.554409+00,2013-07-08,1736.5
1493,2025-12-10 04:05:04.053064+00,2013-07-09,1740.0
1494,2025-12-10 04:05:05.540599+00,2013-07-10,1761.5
1495,2025-12-10 04:05:07.010277+00,2013-07-11,1800.5
1496,2025-12-10 04:05:08.511239+00,2013-07-12,1790.5
1497,2025-12-10 04:05:09.995027+00,2013-07-15,1761.5
1498,2025-12-10 04:05:11.499086+00,2013-07-16,1752.5
1499,2025-12-10 04:05:12.984944+00,2013-07-17,1772.5
1500,2025-12-10 04:05:14.467908+00,2013-07-18,1753.0
1501,2025-12-10 04:05:15.94323+00,2013-07-19,1773.0
1502,2025-12-10 04:05:17.418991+00,2013-07-22,1794.5
1503,2025-12-10 04:05:18.888684+00,2013-07-23,1801.5
1504,2025-12-10 04:05:20.374114+00,2013-07-24,1807.0
1505,2025-12-10 04:05:21.85113+00,2013-07-25,1784.5
1506,2025-12-10 04:05:23.32493+00,2013-07-26,1761.5
1507,2025-12-10 04:05:24.796002+00,2013-07-29,1760.0
1508,2025-12-10 04:05:26.30187+00,2013-07-30,1741.5
1509,2025-12-10 04:05:27.786103+00,2013-07-31,1732.0
1510,2025-12-10 04:05:29.247051+00,2013-08-01,1776.5
1511,2025-12-10 04:05:30.737917+00,2013-08-02,1770.0
1517,2025-12-10 04:05:42.247381+00,2013-08-05,1755.5
1518,2025-12-10 04:05:43.738524+00,2013-08-06,1753.0
1519,2025-12-10 04:05:45.257383+00,2013-08-07,1731.0
1520,2025-12-10 04:05:46.741371+00,2013-08-08,1782.0
1521,2025-12-10 04:05:48.219434+00,2013-08-09,1821.5
1522,2025-12-10 04:05:49.68374+00,2013-08-12,1832.5
1523,2025-12-10 04:05:51.178171+00,2013-08-13,1839.5
1524,2025-12-10 04:05:52.678575+00,2013-08-14,1835.0
1525,2025-12-10 04:05:54.150935+00,2013-08-15,1842.5
1526,2025-12-10 04:05:55.611636+00,2013-08-16,1876.5
1527,2025-12-10 04:05:57.089843+00,2013-08-19,1872.5
1528,2025-12-10 04:05:58.563022+00,2013-08-20,1849.0
1529,2025-12-10 04:06:00.030237+00,2013-08-21,1852.5
1530,2025-12-10 04:06:01.53405+00,2013-08-22,1857.5
1531,2025-12-10 04:06:03.037429+00,2013-08-23,1835.0
1532,2025-12-10 04:06:04.538487+00,2013-08-27,1828.0
1533,2025-12-10 04:06:06.025045+00,2013-08-28,1826.5
1534,2025-12-10 04:06:07.498752+00,2013-08-29,1798.0
1535,2025-12-10 04:06:08.975081+00,2013-08-30,1775.5
1536,2025-12-10 04:06:12.273074+00,2013-09-02,1764.0
1537,2025-12-10 04:06:13.752013+00,2013-09-03,1773.0
1538,2025-12-10 04:06:15.274712+00,2013-09-04,1744.5
1539,2025-12-10 04:06:16.765649+00,2013-09-05,1754.0
1540,2025-12-10 04:06:18.261381+00,2013-09-06,1780.5
1541,2025-12-10 04:06:19.751445+00,2013-09-09,1767.0
1542,2025-12-10 04:06:21.236686+00,2013-09-10,1759.5
1543,2025-12-10 04:06:22.717486+00,2013-09-11,1756.5
1544,2025-12-10 04:06:24.197722+00,2013-09-12,1747.0
1545,2025-12-10 04:06:25.682422+00,2013-09-13,1747.0
1546,2025-12-10 04:06:27.164934+00,2013-09-16,1734.5
1547,2025-12-10 04:06:28.663199+00,2013-09-17,1730.0
1548,2025-12-10 04:06:30.194008+00,2013-09-18,1742.0
1549,2025-12-10 04:06:31.693092+00,2013-09-19,1783.5
1550,2025-12-10 04:06:33.181379+00,2013-09-20,1771.5
1551,2025-12-10 04:06:34.671227+00,2013-09-23,1754.5
1552,2025-12-10 04:06:36.173489+00,2013-09-24,1753.5
1553,2025-12-10 04:06:37.661975+00,2013-09-25,1752.0
1554,2025-12-10 04:06:39.146166+00,2013-09-26,1761.5
1555,2025-12-10 04:06:40.64143+00,2013-09-27,1789.5
1556,2025-12-10 04:06:42.147732+00,2013-09-30,1803.0
1557,2025-12-10 04:06:43.680397+00,2013-10-01,1786.0
1558,2025-12-10 04:06:45.185319+00,2013-10-02,1773.5
1559,2025-12-10 04:06:46.670158+00,2013-10-03,1785.5
1560,2025-12-10 04:06:48.178807+00,2013-10-04,1789.5
1566,2025-12-10 04:06:58.603436+00,2013-10-07,1791.0
1567,2025-12-10 04:07:00.109502+00,2013-10-08,1818.5
1568,2025-12-10 04:07:01.602841+00,2013-10-09,1839.0
1569,2025-12-10 04:07:03.097505+00,2013-10-10,1818.5
1570,2025-12-10 04:07:04.60331+00,2013-10-11,1830.0
1571,2025-12-10 04:07:06.097637+00,2013-10-14,1822.0
1572,2025-12-10 04:07:07.597682+00,2013-10-15,1805.0
1573,2025-12-10 04:07:09.07745+00,2013-10-16,1787.0
1574,2025-12-10 04:07:10.579171+00,2013-10-17,1796.0
1575,2025-12-10 04:07:12.075471+00,2013-10-18,1808.5
1576,2025-12-10 04:07:13.577628+00,2013-10-21,1807.5
1577,2025-12-10 04:07:15.061857+00,2013-10-22,1829.5
1578,2025-12-10 04:07:16.549658+00,2013-10-23,1822.0
1579,2025-12-10 04:07:18.040878+00,2013-10-24,1802.0
1580,2025-12-10 04:07:19.539113+00,2013-10-25,1807.0
1581,2025-12-10 04:07:21.02098+00,2013-10-28,1839.0
1582,2025-12-10 04:07:22.517483+00,2013-10-29,1849.0
1583,2025-12-10 04:07:24.01943+00,2013-10-30,1843.5
1584,2025-12-10 04:07:25.530175+00,2013-10-31,1833.0
1585,2025-12-10 04:07:27.018412+00,2013-11-01,1817.5
1591,2025-12-10 04:07:37.4929+00,2013-11-04,1788.0
1592,2025-12-10 04:07:38.984719+00,2013-11-05,1767.5
1593,2025-12-10 04:07:40.470291+00,2013-11-06,1784.5
1594,2025-12-10 04:07:41.958635+00,2013-11-07,1776.0
1595,2025-12-10 04:07:43.490339+00,2013-11-08,1765.0
1596,2025-12-10 04:07:44.96056+00,2013-11-11,1760.5
1597,2025-12-10 04:07:46.431013+00,2013-11-12,1755.0
1598,2025-12-10 04:07:47.913318+00,2013-11-13,1746.0
1599,2025-12-10 04:07:49.389956+00,2013-11-14,1740.5
1600,2025-12-10 04:07:50.871926+00,2013-11-15,1738.0
1601,2025-12-10 04:07:52.349198+00,2013-11-18,1737.5
1602,2025-12-10 04:07:53.828883+00,2013-11-19,1738.0
1603,2025-12-10 04:07:55.321709+00,2013-11-20,1740.0
1604,2025-12-10 04:07:56.823379+00,2013-11-21,1730.5
1605,2025-12-10 04:07:58.302862+00,2013-11-22,1747.0
1606,2025-12-10 04:07:59.796719+00,2013-11-25,1734.0
1607,2025-12-10 04:08:01.278085+00,2013-11-26,1735.0
1608,2025-12-10 04:08:02.757665+00,2013-11-27,1721.0
1609,2025-12-10 04:08:04.242343+00,2013-11-28,1701.0
1610,2025-12-10 04:08:05.749605+00,2013-11-29,1711.0
1611,2025-12-10 04:08:08.777543+00,2014-12-30,1835.0
1612,2025-12-10 04:08:10.292709+00,2014-12-31,1831.5
1613,2025-12-10 04:08:11.762407+00,2014-01-02,1821.5
1614,2025-12-10 04:08:13.239848+00,2014-01-03,1738.5
1615,2025-12-10 04:08:14.713833+00,2014-01-06,1717.5
1616,2025-12-10 04:08:16.205724+00,2014-01-07,1733.0
1617,2025-12-10 04:08:17.710274+00,2014-01-08,1736.5
1618,2025-12-10 04:08:19.194768+00,2014-01-09,1713.0
1619,2025-12-10 04:08:20.689436+00,2014-01-10,1716.0
1620,2025-12-10 04:08:22.236646+00,2014-01-13,1716.0
1621,2025-12-10 04:08:23.711448+00,2014-01-14,1725.0
1622,2025-12-10 04:08:25.189696+00,2014-01-15,1715.0
1623,2025-12-10 04:08:26.696539+00,2014-01-16,1752.0
1624,2025-12-10 04:08:28.171593+00,2014-01-17,1766.0
1625,2025-12-10 04:08:29.681793+00,2014-01-20,1767.5
1626,2025-12-10 04:08:31.18961+00,2014-01-21,1742.5
1627,2025-12-10 04:08:32.668577+00,2014-01-22,1747.0
1628,2025-12-10 04:08:34.15104+00,2014-01-23,1732.0
1629,2025-12-10 04:08:35.629568+00,2014-01-24,1726.5
1630,2025-12-10 04:08:37.10646+00,2014-01-27,1711.0
1631,2025-12-10 04:08:38.68439+00,2014-01-28,1713.0
1632,2025-12-10 04:08:40.16891+00,2014-01-29,1709.5
1633,2025-12-10 04:08:41.641029+00,2014-01-30,1686.0
1634,2025-12-10 04:08:43.178713+00,2014-01-31,1663.5
1635,2025-12-10 04:08:46.187785+00,2014-02-03,1658.5
1636,2025-12-10 04:08:47.661593+00,2014-02-04,1641.5
1637,2025-12-10 04:08:49.135246+00,2014-02-05,1663.0
1638,2025-12-10 04:08:50.623609+00,2014-02-06,1654.5
1639,2025-12-10 04:08:52.121916+00,2014-02-07,1678.0
1640,2025-12-10 04:08:53.635078+00,2014-02-10,1672.0
1641,2025-12-10 04:08:55.137033+00,2014-02-11,1671.0
1642,2025-12-10 04:08:56.623311+00,2014-02-12,1686.0
1643,2025-12-10 04:08:58.101125+00,2014-02-13,1687.0
1644,2025-12-10 04:08:59.577474+00,2014-02-14,1710.5
1645,2025-12-10 04:09:01.062032+00,2014-02-17,1700.5
1646,2025-12-10 04:09:02.561282+00,2014-02-18,1693.5
1647,2025-12-10 04:09:04.068101+00,2014-02-19,1726.5
1648,2025-12-10 04:09:05.554965+00,2014-02-20,1717.5
1649,2025-12-10 04:09:07.035383+00,2014-02-21,1734.0
1650,2025-12-10 04:09:08.518324+00,2014-02-24,1699.5
1651,2025-12-10 04:09:10.002055+00,2014-02-25,1708.5
1652,2025-12-10 04:09:11.479343+00,2014-02-26,1735.0
1653,2025-12-10 04:09:12.992568+00,2014-02-27,1716.0
1654,2025-12-10 04:09:14.499455+00,2014-02-28,1724.0
1655,2025-12-10 04:09:17.555918+00,2014-03-03,1674.5
1656,2025-12-10 04:09:19.063758+00,2014-03-04,1687.0
1657,2025-12-10 04:09:20.571058+00,2014-03-05,1741.5
1658,2025-12-10 04:09:22.068124+00,2014-03-06,1732.0
1659,2025-12-10 04:09:23.616904+00,2014-03-07,1729.5
1660,2025-12-10 04:09:25.105821+00,2014-03-10,1715.0
1661,2025-12-10 04:09:26.589524+00,2014-03-11,1746.0
1662,2025-12-10 04:09:28.081092+00,2014-03-12,1716.5
1663,2025-12-10 04:09:29.583853+00,2014-03-13,1703.0
1664,2025-12-10 04:09:31.089918+00,2014-03-14,1698.0
1665,2025-12-10 04:09:32.58784+00,2014-03-17,1684.0
1666,2025-12-10 04:09:34.0802+00,2014-03-18,1690.5
1667,2025-12-10 04:09:35.569144+00,2014-03-19,1672.0
1668,2025-12-10 04:09:37.05558+00,2014-03-20,1674.0
1669,2025-12-10 04:09:38.584609+00,2014-03-21,1677.0
1670,2025-12-10 04:09:40.076219+00,2014-03-24,1688.5
1671,2025-12-10 04:09:41.559974+00,2014-03-25,1716.5
1672,2025-12-10 04:09:43.087792+00,2014-03-26,1705.5
1673,2025-12-10 04:09:44.619167+00,2014-03-27,1682.5
1674,2025-12-10 04:09:46.117611+00,2014-03-28,1709.5
1675,2025-12-10 04:09:47.650842+00,2014-03-31,1730.5
1676,2025-12-10 04:09:49.135384+00,2014-04-01,1744.0
1677,2025-12-10 04:09:50.634732+00,2014-04-02,1776.5
1678,2025-12-10 04:09:52.182153+00,2014-04-03,1782.5
1679,2025-12-10 04:09:53.685704+00,2014-04-04,1810.0
1685,2025-12-10 04:10:04.245529+00,2014-04-07,1793.5
1686,2025-12-10 04:10:05.727066+00,2014-04-08,1785.0
1687,2025-12-10 04:10:07.241092+00,2014-04-09,1791.5
1688,2025-12-10 04:10:08.72201+00,2014-04-10,1853.5
1689,2025-12-10 04:10:10.200771+00,2014-04-11,1840.5
1690,2025-12-10 04:10:11.684095+00,2014-04-14,1833.5
1691,2025-12-10 04:10:13.172377+00,2014-04-15,1816.5
1692,2025-12-10 04:10:14.666293+00,2014-04-16,1833.0
1693,2025-12-10 04:10:16.195064+00,2014-04-17,1837.0
1694,2025-12-10 04:10:17.694437+00,2014-04-22,1847.0
1695,2025-12-10 04:10:19.162707+00,2014-04-23,1835.5
1696,2025-12-10 04:10:20.661661+00,2014-04-24,1840.5
1697,2025-12-10 04:10:22.154202+00,2014-04-25,1823.5
1698,2025-12-10 04:10:23.661339+00,2014-04-28,1800.5
1699,2025-12-10 04:10:25.162393+00,2014-04-29,1779.5
1700,2025-12-10 04:10:26.682926+00,2014-04-30,1769.5
1701,2025-12-10 04:10:28.189586+00,2014-05-01,1736.5
1702,2025-12-10 04:10:29.668972+00,2014-05-02,1736.5
1708,2025-12-10 04:10:40.099988+00,2014-05-06,1749.5
1709,2025-12-10 04:10:41.612288+00,2014-05-07,1728.5
1710,2025-12-10 04:10:43.147477+00,2014-05-08,1717.5
1711,2025-12-10 04:10:44.644419+00,2014-05-09,1718.0
1712,2025-12-10 04:10:46.127458+00,2014-05-12,1739.5
1713,2025-12-10 04:10:47.614793+00,2014-05-13,1739.0
1714,2025-12-10 04:10:49.088486+00,2014-05-14,1757.5
1715,2025-12-10 04:10:50.561039+00,2014-05-15,1753.0
1716,2025-12-10 04:10:52.031929+00,2014-05-16,1731.5
1717,2025-12-10 04:10:53.533619+00,2014-05-19,1724.5
1718,2025-12-10 04:10:55.01005+00,2014-05-20,1722.0
1719,2025-12-10 04:10:56.485066+00,2014-05-21,1714.5
1720,2025-12-10 04:10:57.966739+00,2014-05-22,1745.5
1721,2025-12-10 04:10:59.428613+00,2014-05-23,1781.5
1722,2025-12-10 04:11:00.92716+00,2014-05-27,1777.5
1723,2025-12-10 04:11:02.429693+00,2014-05-28,1801.5
1724,2025-12-10 04:11:03.938047+00,2014-05-29,1784.5
1725,2025-12-10 04:11:05.43004+00,2014-05-30,1823.5
1726,2025-12-10 04:11:08.297726+00,2014-06-02,1816.5
1727,2025-12-10 04:11:09.786273+00,2014-06-03,1802.5
1728,2025-12-10 04:11:11.261438+00,2014-06-04,1796.5
1729,2025-12-10 04:11:12.739164+00,2014-06-05,1828.5
1730,2025-12-10 04:11:14.21917+00,2014-06-06,1817.0
1731,2025-12-10 04:11:15.712413+00,2014-06-09,1870.5
1732,2025-12-10 04:11:17.183915+00,2014-06-10,1865.0
1733,2025-12-10 04:11:18.660786+00,2014-06-11,1835.5
1734,2025-12-10 04:11:20.158419+00,2014-06-12,1822.0
1735,2025-12-10 04:11:21.640452+00,2014-06-13,1801.0
1736,2025-12-10 04:11:23.132035+00,2014-06-16,1802.0
1737,2025-12-10 04:11:24.62349+00,2014-06-17,1808.5
1738,2025-12-10 04:11:26.100205+00,2014-06-18,1828.5
1739,2025-12-10 04:11:27.573595+00,2014-06-19,1844.0
1740,2025-12-10 04:11:29.052307+00,2014-06-20,1845.0
1741,2025-12-10 04:11:30.529868+00,2014-06-23,1857.0
1742,2025-12-10 04:11:32.013758+00,2014-06-24,1858.5
1743,2025-12-10 04:11:33.501187+00,2014-06-25,1866.5
1744,2025-12-10 04:11:34.974595+00,2014-06-26,1857.0
1745,2025-12-10 04:11:36.442563+00,2014-06-27,1850.0
1746,2025-12-10 04:11:37.937514+00,2014-06-30,1850.5
1747,2025-12-10 04:11:39.423764+00,2014-07-01,1837.5
1748,2025-12-10 04:11:40.941642+00,2014-07-02,1862.0
1749,2025-12-10 04:11:42.409887+00,2014-07-03,1890.0
1750,2025-12-10 04:11:43.918142+00,2014-07-04,1893.0
1756,2025-12-10 04:11:54.36367+00,2014-07-07,1894.0
1757,2025-12-10 04:11:55.892705+00,2014-07-08,1910.5
1758,2025-12-10 04:11:57.406459+00,2014-07-09,1924.0
1759,2025-12-10 04:11:58.927578+00,2014-07-10,1885.5
1760,2025-12-10 04:12:00.458192+00,2014-07-11,1906.5
1761,2025-12-10 04:12:01.972667+00,2014-07-14,1923.0
1762,2025-12-10 04:12:03.490597+00,2014-07-15,1928.0
1763,2025-12-10 04:12:05.000312+00,2014-07-16,1962.5
1764,2025-12-10 04:12:06.486988+00,2014-07-17,1967.5
1765,2025-12-10 04:12:07.986125+00,2014-07-18,1958.5
1766,2025-12-10 04:12:09.47033+00,2014-07-21,1988.0
1767,2025-12-10 04:12:10.948458+00,2014-07-22,2020.5
1768,2025-12-10 04:12:12.442147+00,2014-07-23,2011.0
1769,2025-12-10 04:12:13.932802+00,2014-07-24,2013.5
1770,2025-12-10 04:12:15.415998+00,2014-07-25,2008.5
1771,2025-12-10 04:12:16.886306+00,2014-07-28,1987.5
1772,2025-12-10 04:12:18.342897+00,2014-07-29,1974.0
1773,2025-12-10 04:12:19.812481+00,2014-07-30,1982.5
1774,2025-12-10 04:12:21.308249+00,2014-07-31,2016.5
1775,2025-12-10 04:12:22.821679+00,2014-08-01,1964.5
1781,2025-12-10 04:12:33.212847+00,2014-08-04,1979.0
1782,2025-12-10 04:12:34.687438+00,2014-08-05,2002.0
1783,2025-12-10 04:12:36.198802+00,2014-08-06,1983.5
1784,2025-12-10 04:12:37.709462+00,2014-08-07,2014.5
1785,2025-12-10 04:12:39.197283+00,2014-08-08,2017.5
1786,2025-12-10 04:12:40.73785+00,2014-08-11,2032.0
1787,2025-12-10 04:12:42.222977+00,2014-08-12,2040.0
1788,2025-12-10 04:12:43.801217+00,2014-08-13,2026.0
1789,2025-12-10 04:12:45.294187+00,2014-08-14,2005.0
1790,2025-12-10 04:12:46.776581+00,2014-08-15,1980.0
1791,2025-12-10 04:12:48.257609+00,2014-08-18,1995.0
1792,2025-12-10 04:12:49.741132+00,2014-08-19,2028.0
1793,2025-12-10 04:12:51.2352+00,2014-08-20,2037.0
1794,2025-12-10 04:12:52.743174+00,2014-08-21,2058.5
1795,2025-12-10 04:12:54.230707+00,2014-08-22,2055.5
1796,2025-12-10 04:12:55.715869+00,2014-08-26,2082.0
1797,2025-12-10 04:12:57.200283+00,2014-08-27,2082.5
1798,2025-12-10 04:12:58.687968+00,2014-08-28,2108.0
1799,2025-12-10 04:13:00.19017+00,2014-08-29,2114.0
1800,2025-12-10 04:13:03.227242+00,2014-09-01,2082.0
1801,2025-12-10 04:13:04.719686+00,2014-09-02,2083.0
1802,2025-12-10 04:13:06.218687+00,2014-09-03,2078.0
1803,2025-12-10 04:13:07.712391+00,2014-09-04,2085.5
1804,2025-12-10 04:13:09.22057+00,2014-09-05,2075.0
1805,2025-12-10 04:13:10.728269+00,2014-09-08,2082.0
1806,2025-12-10 04:13:12.250792+00,2014-09-09,2045.0
1807,2025-12-10 04:13:13.725702+00,2014-09-10,2012.0
1808,2025-12-10 04:13:15.224695+00,2014-09-11,2002.0
1809,2025-12-10 04:13:16.702278+00,2014-09-12,2008.5
1810,2025-12-10 04:13:18.208105+00,2014-09-15,1958.5
1811,2025-12-10 04:13:19.702054+00,2014-09-16,1969.5
1812,2025-12-10 04:13:21.192277+00,2014-09-17,1966.5
1813,2025-12-10 04:13:22.677385+00,2014-09-18,1950.0
1814,2025-12-10 04:13:24.181304+00,2014-09-19,1949.5
1815,2025-12-10 04:13:25.697488+00,2014-09-22,1925.0
1816,2025-12-10 04:13:27.199265+00,2014-09-23,1939.5
1817,2025-12-10 04:13:28.704414+00,2014-09-24,1922.5
1818,2025-12-10 04:13:30.237115+00,2014-09-25,1927.0
1819,2025-12-10 04:13:31.749399+00,2014-09-26,1924.5
1820,2025-12-10 04:13:33.240712+00,2014-09-29,1914.0
1821,2025-12-10 04:13:34.728946+00,2014-09-30,1935.0
1822,2025-12-10 04:13:36.223137+00,2014-10-01,1898.5
1823,2025-12-10 04:13:37.699598+00,2014-10-02,1869.5
1824,2025-12-10 04:13:39.196343+00,2014-10-03,1883.0
1830,2025-12-10 04:13:49.661243+00,2014-10-06,1898.0
1831,2025-12-10 04:13:51.131258+00,2014-10-07,1886.0
1832,2025-12-10 04:13:52.612927+00,2014-10-08,1920.5
1833,2025-12-10 04:13:54.105862+00,2014-10-09,1924.0
1834,2025-12-10 04:13:55.577065+00,2014-10-10,1891.5
1835,2025-12-10 04:13:57.047624+00,2014-10-13,1903.5
1836,2025-12-10 04:13:58.517441+00,2014-10-14,1909.0
1837,2025-12-10 04:13:59.988072+00,2014-10-15,1912.5
1838,2025-12-10 04:14:01.462912+00,2014-10-16,1873.0
1839,2025-12-10 04:14:02.944102+00,2014-10-17,1929.5
1840,2025-12-10 04:14:04.430477+00,2014-10-20,1954.5
1841,2025-12-10 04:14:05.905696+00,2014-10-21,1972.0
1842,2025-12-10 04:14:07.413451+00,2014-10-22,1980.0
1843,2025-12-10 04:14:08.90803+00,2014-10-23,1984.5
1844,2025-12-10 04:14:10.406096+00,2014-10-24,1950.5
1845,2025-12-10 04:14:11.880516+00,2014-10-27,1963.5
1846,2025-12-10 04:14:13.361206+00,2014-10-28,1990.5
1847,2025-12-10 04:14:14.840908+00,2014-10-29,2012.0
1848,2025-12-10 04:14:16.318884+00,2014-10-30,2015.5
1849,2025-12-10 04:14:17.77397+00,2014-10-31,2057.0
1850,2025-12-10 04:14:20.659016+00,2014-11-03,2056.0
1851,2025-12-10 04:14:22.162562+00,2014-11-04,2050.5
1852,2025-12-10 04:14:23.634889+00,2014-11-05,2038.0
1853,2025-12-10 04:14:25.086111+00,2014-11-06,2052.5
1854,2025-12-10 04:14:26.5302+00,2014-11-07,2077.0
1855,2025-12-10 04:14:28.000254+00,2014-11-10,2041.0
1856,2025-12-10 04:14:29.462757+00,2014-11-11,2018.0
1857,2025-12-10 04:14:30.921393+00,2014-11-12,2062.0
1858,2025-12-10 04:14:32.417606+00,2014-11-13,2065.0
1859,2025-12-10 04:14:33.887039+00,2014-11-14,2020.5
1860,2025-12-10 04:14:35.347734+00,2014-11-17,2049.5
1861,2025-12-10 04:14:36.8484+00,2014-11-18,2015.5
1862,2025-12-10 04:14:38.338251+00,2014-11-19,2025.0
1863,2025-12-10 04:14:39.815039+00,2014-11-20,2017.0
1864,2025-12-10 04:14:41.295064+00,2014-11-21,2077.5
1865,2025-12-10 04:14:42.842395+00,2014-11-24,2060.0
1866,2025-12-10 04:14:44.471953+00,2014-11-25,2084.0
1867,2025-12-10 04:14:46.002218+00,2014-11-26,2099.0
1868,2025-12-10 04:14:47.478165+00,2014-11-27,2099.0
1869,2025-12-10 04:14:48.978386+00,2014-11-28,2071.5
1870,2025-12-10 04:14:51.891807+00,2015-12-29,1535.0
1871,2025-12-10 04:14:53.390321+00,2015-12-30,1507.0
1872,2025-12-10 04:14:54.883851+00,2015-12-31,1507.5
1873,2025-12-10 04:14:56.37018+00,2015-01-02,1821.5
1874,2025-12-10 04:14:57.849727+00,2015-01-05,1793.0
1875,2025-12-10 04:14:59.327373+00,2015-01-06,1772.5
1876,2025-12-10 04:15:00.818737+00,2015-01-07,1762.0
1877,2025-12-10 04:15:02.291793+00,2015-01-08,1776.5
1878,2025-12-10 04:15:03.769063+00,2015-01-09,1798.0
1879,2025-12-10 04:15:05.287433+00,2015-01-12,1779.0
1880,2025-12-10 04:15:06.780764+00,2015-01-13,1766.5
1881,2025-12-10 04:15:08.248924+00,2015-01-14,1767.5
1882,2025-12-10 04:15:09.719702+00,2015-01-15,1782.5
1883,2025-12-10 04:15:11.21241+00,2015-01-16,1798.5
1884,2025-12-10 04:15:12.706005+00,2015-01-19,1825.5
1885,2025-12-10 04:15:14.19978+00,2015-01-20,1830.0
1886,2025-12-10 04:15:15.654831+00,2015-01-21,1831.0
1887,2025-12-10 04:15:17.125627+00,2015-01-22,1867.0
1888,2025-12-10 04:15:18.606915+00,2015-01-23,1830.5
1889,2025-12-10 04:15:20.100689+00,2015-01-26,1818.0
1890,2025-12-10 04:15:21.573157+00,2015-01-27,1847.0
1891,2025-12-10 04:15:23.074777+00,2015-01-28,1849.5
1892,2025-12-10 04:15:24.584209+00,2015-01-29,1822.5
1893,2025-12-10 04:15:26.055579+00,2015-01-30,1837.5
1894,2025-12-10 04:15:28.893764+00,2015-02-02,1852.0
1895,2025-12-10 04:15:30.356762+00,2015-02-03,1870.0
1896,2025-12-10 04:15:31.816651+00,2015-02-04,1862.5
1897,2025-12-10 04:15:33.275945+00,2015-02-05,1849.0
1898,2025-12-10 04:15:34.761835+00,2015-02-06,1871.5
1899,2025-12-10 04:15:36.249417+00,2015-02-09,1855.0
1900,2025-12-10 04:15:37.739519+00,2015-02-10,1843.0
1901,2025-12-10 04:15:39.224856+00,2015-02-11,1811.5
1902,2025-12-10 04:15:40.727186+00,2015-02-12,1818.0
1903,2025-12-10 04:15:42.221965+00,2015-02-13,1831.5
1904,2025-12-10 04:15:43.686945+00,2015-02-16,1814.5
1905,2025-12-10 04:15:45.16101+00,2015-02-17,1800.5
1906,2025-12-10 04:15:46.690883+00,2015-02-18,1797.0
1907,2025-12-10 04:15:48.167669+00,2015-02-19,1802.0
1908,2025-12-10 04:15:49.666857+00,2015-02-20,1796.5
1909,2025-12-10 04:15:51.192898+00,2015-02-23,1772.5
1910,2025-12-10 04:15:52.680397+00,2015-02-24,1792.0
1911,2025-12-10 04:15:54.187954+00,2015-02-25,1783.5
1912,2025-12-10 04:15:55.707811+00,2015-02-26,1798.5
1913,2025-12-10 04:15:57.192473+00,2015-02-27,1794.5
1914,2025-12-10 04:16:00.088181+00,2015-03-02,1797.0
1915,2025-12-10 04:16:01.58416+00,2015-03-03,1783.5
1916,2025-12-10 04:16:03.09484+00,2015-03-04,1787.0
1917,2025-12-10 04:16:04.620817+00,2015-03-05,1788.0
1918,2025-12-10 04:16:06.135559+00,2015-03-06,1785.0
1919,2025-12-10 04:16:07.626729+00,2015-03-09,1760.5
1920,2025-12-10 04:16:09.124727+00,2015-03-10,1749.5
1921,2025-12-10 04:16:10.634723+00,2015-03-11,1754.0
1922,2025-12-10 04:16:12.128919+00,2015-03-12,1742.0
1923,2025-12-10 04:16:13.627062+00,2015-03-13,1744.0
1924,2025-12-10 04:16:15.135415+00,2015-03-16,1761.0
1925,2025-12-10 04:16:16.648985+00,2015-03-17,1770.0
1926,2025-12-10 04:16:18.154698+00,2015-03-18,1771.5
1927,2025-12-10 04:16:19.66117+00,2015-03-19,1782.5
1928,2025-12-10 04:16:21.162765+00,2015-03-20,1763.0
1929,2025-12-10 04:16:22.652985+00,2015-03-23,1787.0
1930,2025-12-10 04:16:24.123223+00,2015-03-24,1786.5
1931,2025-12-10 04:16:25.619239+00,2015-03-25,1764.0
1932,2025-12-10 04:16:27.138515+00,2015-03-26,1783.5
1933,2025-12-10 04:16:28.642886+00,2015-03-27,1772.0
1934,2025-12-10 04:16:30.132881+00,2015-03-30,1776.5
1935,2025-12-10 04:16:31.642609+00,2015-03-31,1789.0
1936,2025-12-10 04:16:33.143155+00,2015-04-01,1765.5
1937,2025-12-10 04:16:34.649738+00,2015-04-02,1770.5
1942,2025-12-10 04:16:43.65363+00,2015-04-07,1785.0
1943,2025-12-10 04:16:45.135881+00,2015-04-08,1775.0
1944,2025-12-10 04:16:46.64686+00,2015-04-09,1773.5
1945,2025-12-10 04:16:48.142391+00,2015-04-10,1773.0
1946,2025-12-10 04:16:49.658104+00,2015-04-13,1781.5
1947,2025-12-10 04:16:51.159548+00,2015-04-14,1770.5
1948,2025-12-10 04:16:52.660322+00,2015-04-15,1811.0
1949,2025-12-10 04:16:54.136166+00,2015-04-16,1857.0
1950,2025-12-10 04:16:55.624694+00,2015-04-17,1846.0
1951,2025-12-10 04:16:57.111418+00,2015-04-20,1858.5
1952,2025-12-10 04:16:58.627855+00,2015-04-21,1826.5
1953,2025-12-10 04:17:00.140004+00,2015-04-22,1817.5
1954,2025-12-10 04:17:01.620912+00,2015-04-23,1805.5
1955,2025-12-10 04:17:03.112614+00,2015-04-24,1830.0
1956,2025-12-10 04:17:04.613928+00,2015-04-27,1827.5
1957,2025-12-10 04:17:06.126079+00,2015-04-28,1868.0
1958,2025-12-10 04:17:07.661709+00,2015-04-29,1890.5
1959,2025-12-10 04:17:09.157416+00,2015-04-30,1909.5
1960,2025-12-10 04:17:10.664181+00,2015-05-01,1919.0
1966,2025-12-10 04:17:21.123127+00,2015-05-05,1910.5
1967,2025-12-10 04:17:22.620981+00,2015-05-06,1915.5
1968,2025-12-10 04:17:24.110316+00,2015-05-07,1870.5
1969,2025-12-10 04:17:25.607531+00,2015-05-08,1864.0
1970,2025-12-10 04:17:27.140454+00,2015-05-11,1852.0
1971,2025-12-10 04:17:28.671308+00,2015-05-12,1855.0
1972,2025-12-10 04:17:30.176987+00,2015-05-13,1860.0
1973,2025-12-10 04:17:31.7049+00,2015-05-14,1846.0
1974,2025-12-10 04:17:33.216158+00,2015-05-15,1813.0
1975,2025-12-10 04:17:34.704886+00,2015-05-18,1795.5
1976,2025-12-10 04:17:36.174053+00,2015-05-19,1750.0
1977,2025-12-10 04:17:37.645634+00,2015-05-20,1749.0
1978,2025-12-10 04:17:39.138771+00,2015-05-21,1736.0
1979,2025-12-10 04:17:40.629149+00,2015-05-22,1726.0
1980,2025-12-10 04:17:42.108109+00,2015-05-26,1710.5
1981,2025-12-10 04:17:43.578566+00,2015-05-27,1699.5
1982,2025-12-10 04:17:45.095728+00,2015-05-28,1719.5
1983,2025-12-10 04:17:46.616666+00,2015-05-29,1705.5
1984,2025-12-10 04:17:49.529091+00,2015-06-01,1691.5
1985,2025-12-10 04:17:51.022131+00,2015-06-02,1711.5
1986,2025-12-10 04:17:52.500644+00,2015-06-03,1716.5
1987,2025-12-10 04:17:53.958395+00,2015-06-04,1697.5
1988,2025-12-10 04:17:55.426635+00,2015-06-05,1693.5
1989,2025-12-10 04:17:56.892288+00,2015-06-08,1695.5
1990,2025-12-10 04:17:58.382548+00,2015-06-09,1723.0
1991,2025-12-10 04:17:59.872179+00,2015-06-10,1727.0
1992,2025-12-10 04:18:01.355941+00,2015-06-11,1701.5
1993,2025-12-10 04:18:02.862266+00,2015-06-12,1701.5
1994,2025-12-10 04:18:04.344549+00,2015-06-15,1660.5
1995,2025-12-10 04:18:05.823254+00,2015-06-16,1661.0
1996,2025-12-10 04:18:07.324811+00,2015-06-17,1675.5
1997,2025-12-10 04:18:08.825259+00,2015-06-18,1680.5
1998,2025-12-10 04:18:10.322923+00,2015-06-19,1650.5
1999,2025-12-10 04:18:11.813484+00,2015-06-22,1650.5
2000,2025-12-10 04:18:13.293154+00,2015-06-23,1680.5
2001,2025-12-10 04:18:14.766683+00,2015-06-24,1690.5
2002,2025-12-10 04:18:16.216708+00,2015-06-25,1671.0
2003,2025-12-10 04:18:17.682914+00,2015-06-26,1668.0
2004,2025-12-10 04:18:19.159052+00,2015-06-29,1642.0
2005,2025-12-10 04:18:20.657591+00,2015-06-30,1646.5
2006,2025-12-10 04:18:22.157197+00,2015-07-01,1666.0
2007,2025-12-10 04:18:23.635427+00,2015-07-02,1693.0
2008,2025-12-10 04:18:25.139048+00,2015-07-03,1685.0
2014,2025-12-10 04:18:35.556421+00,2015-07-06,1644.0
2015,2025-12-10 04:18:37.059228+00,2015-07-07,1645.0
2016,2025-12-10 04:18:38.563062+00,2015-07-08,1620.0
2017,2025-12-10 04:18:40.026081+00,2015-07-09,1649.0
2018,2025-12-10 04:18:41.51238+00,2015-07-10,1652.5
2019,2025-12-10 04:18:43.010387+00,2015-07-13,1659.0
2020,2025-12-10 04:18:44.500683+00,2015-07-14,1653.0
2021,2025-12-10 04:18:45.982132+00,2015-07-15,1674.5
2022,2025-12-10 04:18:47.471162+00,2015-07-16,1664.0
2023,2025-12-10 04:18:48.917245+00,2015-07-17,1663.5
2024,2025-12-10 04:18:50.392096+00,2015-07-20,1636.5
2025,2025-12-10 04:18:51.856201+00,2015-07-21,1630.5
2026,2025-12-10 04:18:53.331673+00,2015-07-22,1610.5
2027,2025-12-10 04:18:54.819546+00,2015-07-23,1604.5
2028,2025-12-10 04:18:56.302988+00,2015-07-24,1594.5
2029,2025-12-10 04:18:57.799373+00,2015-07-27,1600.5
2030,2025-12-10 04:18:59.298677+00,2015-07-28,1609.0
2031,2025-12-10 04:19:00.783437+00,2015-07-29,1619.0
2032,2025-12-10 04:19:02.28291+00,2015-07-30,1608.5
2033,2025-12-10 04:19:03.781587+00,2015-07-31,1594.0
2034,2025-12-10 04:19:06.690809+00,2015-08-03,1564.0
2035,2025-12-10 04:19:08.16529+00,2015-08-04,1577.5
2036,2025-12-10 04:19:09.635087+00,2015-08-05,1569.5
2037,2025-12-10 04:19:11.138296+00,2015-08-06,1553.0
2038,2025-12-10 04:19:12.640163+00,2015-08-07,1556.5
2039,2025-12-10 04:19:14.106302+00,2015-08-10,1553.0
2040,2025-12-10 04:19:15.593676+00,2015-08-11,1547.0
2041,2025-12-10 04:19:17.089667+00,2015-08-12,1547.0
2042,2025-12-10 04:19:18.579052+00,2015-08-13,1539.0
2043,2025-12-10 04:19:20.052694+00,2015-08-14,1540.5
2044,2025-12-10 04:19:21.563329+00,2015-08-17,1523.5
2045,2025-12-10 04:19:23.024234+00,2015-08-18,1532.0
2046,2025-12-10 04:19:24.528334+00,2015-08-19,1522.0
2047,2025-12-10 04:19:26.031013+00,2015-08-20,1544.0
2048,2025-12-10 04:19:27.554132+00,2015-08-21,1523.5
2049,2025-12-10 04:19:29.040373+00,2015-08-24,1485.5
2050,2025-12-10 04:19:30.545327+00,2015-08-25,1526.0
2051,2025-12-10 04:19:32.049288+00,2015-08-26,1513.5
2052,2025-12-10 04:19:33.565031+00,2015-08-27,1528.0
2053,2025-12-10 04:19:35.055373+00,2015-08-28,1550.0
2054,2025-12-10 04:19:36.558664+00,2015-09-01,1577.5
2055,2025-12-10 04:19:38.056566+00,2015-09-02,1570.0
2056,2025-12-10 04:19:39.563042+00,2015-09-03,1606.5
2057,2025-12-10 04:19:41.054703+00,2015-09-04,1601.5
2062,2025-12-10 04:19:50.004913+00,2015-09-07,1588.0
2063,2025-12-10 04:19:51.50449+00,2015-09-08,1593.5
2064,2025-12-10 04:19:52.986798+00,2015-09-09,1628.0
2065,2025-12-10 04:19:54.499907+00,2015-09-10,1607.5
2066,2025-12-10 04:19:55.984523+00,2015-09-11,1614.5
2067,2025-12-10 04:19:57.457067+00,2015-09-14,1599.0
2068,2025-12-10 04:19:58.954784+00,2015-09-15,1600.5
2069,2025-12-10 04:20:00.443998+00,2015-09-16,1598.5
2070,2025-12-10 04:20:01.941393+00,2015-09-17,1606.5
2071,2025-12-10 04:20:03.415856+00,2015-09-18,1624.5
2072,2025-12-10 04:20:04.90417+00,2015-09-21,1612.0
2073,2025-12-10 04:20:06.375641+00,2015-09-22,1578.5
2074,2025-12-10 04:20:07.904092+00,2015-09-23,1572.0
2075,2025-12-10 04:20:09.410777+00,2015-09-24,1560.5
2076,2025-12-10 04:20:10.89929+00,2015-09-25,1566.5
2077,2025-12-10 04:20:12.404218+00,2015-09-28,1537.0
2078,2025-12-10 04:20:13.897256+00,2015-09-29,1549.0
2079,2025-12-10 04:20:15.384165+00,2015-09-30,1562.0
2080,2025-12-10 04:20:16.863239+00,2015-10-01,1578.5
2081,2025-12-10 04:20:18.343699+00,2015-10-02,1545.0
2087,2025-12-10 04:20:28.835563+00,2015-10-05,1547.0
2088,2025-12-10 04:20:30.29783+00,2015-10-06,1546.5
2089,2025-12-10 04:20:31.752399+00,2015-10-07,1567.0
2090,2025-12-10 04:20:33.21926+00,2015-10-08,1552.0
2091,2025-12-10 04:20:34.696702+00,2015-10-09,1607.0
2092,2025-12-10 04:20:36.192132+00,2015-10-12,1607.5
2093,2025-12-10 04:20:37.671818+00,2015-10-13,1560.0
2094,2025-12-10 04:20:39.136955+00,2015-10-14,1569.0
2095,2025-12-10 04:20:40.639908+00,2015-10-15,1567.5
2096,2025-12-10 04:20:42.1274+00,2015-10-16,1542.5
2097,2025-12-10 04:20:43.613188+00,2015-10-19,1536.0
2098,2025-12-10 04:20:45.102695+00,2015-10-20,1506.5
2099,2025-12-10 04:20:46.612311+00,2015-10-21,1491.0
2100,2025-12-10 04:20:48.109993+00,2015-10-22,1480.0
2101,2025-12-10 04:20:49.627985+00,2015-10-23,1480.5
2102,2025-12-10 04:20:51.132374+00,2015-10-26,1468.0
2103,2025-12-10 04:20:52.599325+00,2015-10-27,1454.0
2104,2025-12-10 04:20:54.092608+00,2015-10-28,1434.0
2105,2025-12-10 04:20:55.597288+00,2015-10-29,1440.5
2106,2025-12-10 04:20:57.361887+00,2015-10-30,1447.5
2107,2025-12-10 04:21:00.698693+00,2015-11-02,1452.0
2108,2025-12-10 04:21:02.162782+00,2015-11-03,1470.0
2109,2025-12-10 04:21:03.65309+00,2015-11-04,1472.5
2110,2025-12-10 04:21:05.145989+00,2015-11-05,1473.0
2111,2025-12-10 04:21:06.632911+00,2015-11-06,1491.5
2112,2025-12-10 04:21:08.131433+00,2015-11-09,1506.0
2113,2025-12-10 04:21:09.603617+00,2015-11-10,1486.0
2114,2025-12-10 04:21:11.092641+00,2015-11-11,1494.0
2115,2025-12-10 04:21:12.569978+00,2015-11-12,1484.5
2116,2025-12-10 04:21:14.038757+00,2015-11-13,1476.0
2117,2025-12-10 04:21:15.520835+00,2015-11-16,1457.5
2118,2025-12-10 04:21:16.984688+00,2015-11-17,1463.0
2119,2025-12-10 04:21:18.45115+00,2015-11-18,1454.0
2120,2025-12-10 04:21:19.964755+00,2015-11-19,1446.0
2121,2025-12-10 04:21:21.430894+00,2015-11-20,1475.0
2122,2025-12-10 04:21:22.906694+00,2015-11-23,1424.0
2123,2025-12-10 04:21:24.376013+00,2015-11-24,1433.0
2124,2025-12-10 04:21:25.851221+00,2015-11-25,1428.5
2125,2025-12-10 04:21:27.322566+00,2015-11-26,1470.5
2126,2025-12-10 04:21:28.805734+00,2015-11-27,1479.5
2127,2025-12-10 04:21:30.274562+00,2015-11-30,1442.0
2128,2025-12-10 04:21:31.750142+00,2015-12-01,1442.0
2129,2025-12-10 04:21:33.249624+00,2015-12-02,1460.0
2130,2025-12-10 04:21:34.716391+00,2015-12-03,1462.5
2131,2025-12-10 04:21:36.213416+00,2015-12-04,1503.0
2132,2025-12-10 04:21:39.142581+00,2016-01-04,1466.0
2133,2025-12-10 04:21:40.632794+00,2016-01-05,1473.0
2134,2025-12-10 04:21:42.119867+00,2016-01-06,1457.0
2135,2025-12-10 04:21:43.6381+00,2016-01-07,1455.0
2136,2025-12-10 04:21:45.138394+00,2016-01-08,1476.0
2137,2025-12-10 04:21:46.6509+00,2016-01-11,1471.5
2138,2025-12-10 04:21:48.134637+00,2016-01-12,1457.0
2139,2025-12-10 04:21:49.608141+00,2016-01-13,1453.0
2140,2025-12-10 04:21:51.095561+00,2016-01-14,1478.0
2141,2025-12-10 04:21:52.602609+00,2016-01-15,1467.5
2142,2025-12-10 04:21:54.098059+00,2016-01-18,1486.5
2143,2025-12-10 04:21:55.580722+00,2016-01-19,1494.0
2144,2025-12-10 04:21:57.055091+00,2016-01-20,1461.5
2145,2025-12-10 04:21:58.545286+00,2016-01-21,1470.0
2146,2025-12-10 04:22:00.065193+00,2016-01-22,1497.5
2147,2025-12-10 04:22:01.567885+00,2016-01-25,1480.0
2148,2025-12-10 04:22:03.046226+00,2016-01-26,1480.5
2149,2025-12-10 04:22:04.541475+00,2016-01-27,1508.0
2150,2025-12-10 04:22:06.018988+00,2016-01-28,1527.0
2151,2025-12-10 04:22:07.509882+00,2016-01-29,1529.5
2152,2025-12-10 04:22:10.439142+00,2016-02-01,1520.0
2153,2025-12-10 04:22:11.943663+00,2016-02-02,1524.5
2154,2025-12-10 04:22:13.448495+00,2016-02-03,1514.0
2155,2025-12-10 04:22:14.939978+00,2016-02-04,1532.0
2156,2025-12-10 04:22:16.438851+00,2016-02-05,1531.0
2157,2025-12-10 04:22:17.957732+00,2016-02-08,1496.0
2158,2025-12-10 04:22:19.421817+00,2016-02-09,1492.0
2159,2025-12-10 04:22:20.897656+00,2016-02-10,1499.0
2160,2025-12-10 04:22:22.3694+00,2016-02-11,1494.0
2161,2025-12-10 04:22:23.823756+00,2016-02-12,1499.0
2162,2025-12-10 04:22:25.301278+00,2016-02-15,1505.5
2163,2025-12-10 04:22:26.787056+00,2016-02-16,1528.5
2164,2025-12-10 04:22:28.272501+00,2016-02-17,1520.0
2165,2025-12-10 04:22:29.742517+00,2016-02-18,1530.0
2166,2025-12-10 04:22:31.231016+00,2016-02-19,1552.0
2167,2025-12-10 04:22:32.718377+00,2016-02-22,1573.0
2168,2025-12-10 04:22:34.18656+00,2016-02-23,1575.5
2169,2025-12-10 04:22:35.679525+00,2016-02-24,1552.0
2170,2025-12-10 04:22:37.156162+00,2016-02-25,1600.0
2171,2025-12-10 04:22:38.636885+00,2016-02-26,1588.5
2172,2025-12-10 04:22:40.112819+00,2016-02-29,1621.5
2173,2025-12-10 04:22:41.59571+00,2016-03-01,1590.5
2174,2025-12-10 04:22:43.101386+00,2016-03-02,1597.0
2175,2025-12-10 04:22:44.576677+00,2016-03-03,1603.5
2176,2025-12-10 04:22:46.093226+00,2016-03-04,1587.5
2182,2025-12-10 04:22:56.584566+00,2016-03-07,1600.0
2183,2025-12-10 04:22:58.078109+00,2016-03-08,1590.0
2184,2025-12-10 04:22:59.56857+00,2016-03-09,1564.0
2185,2025-12-10 04:23:01.088668+00,2016-03-10,1565.0
2186,2025-12-10 04:23:02.5766+00,2016-03-11,1548.5
2187,2025-12-10 04:23:04.057393+00,2016-03-14,1532.5
2188,2025-12-10 04:23:05.539836+00,2016-03-15,1508.0
2189,2025-12-10 04:23:07.050625+00,2016-03-16,1495.0
2190,2025-12-10 04:23:08.558117+00,2016-03-17,1503.5
2191,2025-12-10 04:23:10.05118+00,2016-03-18,1498.0
2192,2025-12-10 04:23:11.540394+00,2016-03-21,1486.0
2193,2025-12-10 04:23:13.035897+00,2016-03-22,1481.0
2194,2025-12-10 04:23:14.511171+00,2016-03-23,1480.0
2195,2025-12-10 04:23:15.993878+00,2016-03-24,1469.5
2196,2025-12-10 04:23:17.468688+00,2016-03-29,1473.0
2197,2025-12-10 04:23:18.949424+00,2016-03-30,1478.0
2198,2025-12-10 04:23:20.432525+00,2016-03-31,1491.5
2199,2025-12-10 04:23:21.922398+00,2016-04-01,1524.0
2204,2025-12-10 04:23:30.728959+00,2016-04-04,1523.0
2205,2025-12-10 04:23:32.227524+00,2016-04-05,1498.0
2206,2025-12-10 04:23:33.696865+00,2016-04-06,1481.0
2207,2025-12-10 04:23:35.18248+00,2016-04-07,1485.0
2208,2025-12-10 04:23:36.669731+00,2016-04-08,1492.0
2209,2025-12-10 04:23:38.161774+00,2016-04-11,1493.5
2210,2025-12-10 04:23:39.653268+00,2016-04-12,1514.0
2211,2025-12-10 04:23:41.144903+00,2016-04-13,1545.5
2212,2025-12-10 04:23:42.633465+00,2016-04-14,1548.5
2213,2025-12-10 04:23:44.119723+00,2016-04-15,1535.0
2214,2025-12-10 04:23:45.608632+00,2016-04-18,1547.0
2215,2025-12-10 04:23:47.135531+00,2016-04-19,1565.5
2216,2025-12-10 04:23:48.632255+00,2016-04-20,1598.0
2217,2025-12-10 04:23:50.136954+00,2016-04-21,1628.0
2218,2025-12-10 04:23:51.636286+00,2016-04-22,1635.0
2219,2025-12-10 04:23:53.127464+00,2016-04-25,1641.0
2220,2025-12-10 04:23:54.621075+00,2016-04-26,1632.0
2221,2025-12-10 04:23:56.105032+00,2016-04-27,1642.5
2222,2025-12-10 04:23:57.584707+00,2016-04-28,1649.0
2223,2025-12-10 04:23:59.077546+00,2016-04-29,1673.0
2224,2025-12-10 04:24:02.026584+00,2016-05-03,1629.0
2225,2025-12-10 04:24:03.537851+00,2016-05-04,1611.0
2226,2025-12-10 04:24:05.019766+00,2016-05-05,1601.5
2227,2025-12-10 04:24:06.482127+00,2016-05-06,1599.0
2228,2025-12-10 04:24:07.947328+00,2016-05-09,1556.5
2229,2025-12-10 04:24:09.422333+00,2016-05-10,1542.5
2230,2025-12-10 04:24:10.917679+00,2016-05-11,1560.0
2231,2025-12-10 04:24:12.428638+00,2016-05-12,1545.0
2232,2025-12-10 04:24:13.918176+00,2016-05-13,1529.0
2233,2025-12-10 04:24:15.406763+00,2016-05-16,1525.5
2234,2025-12-10 04:24:16.929148+00,2016-05-17,1532.0
2235,2025-12-10 04:24:18.413892+00,2016-05-18,1529.5
2236,2025-12-10 04:24:19.885919+00,2016-05-19,1536.0
2237,2025-12-10 04:24:21.359531+00,2016-05-20,1559.0
2238,2025-12-10 04:24:22.827001+00,2016-05-23,1526.0
2239,2025-12-10 04:24:24.294819+00,2016-05-24,1553.0
2240,2025-12-10 04:24:25.773692+00,2016-05-25,1539.0
2241,2025-12-10 04:24:27.275318+00,2016-05-26,1553.0
2242,2025-12-10 04:24:28.781797+00,2016-05-27,1552.0
2243,2025-12-10 04:24:30.254464+00,2016-05-31,1548.0
2244,2025-12-10 04:24:31.724435+00,2016-06-01,1544.0
2245,2025-12-10 04:24:33.205576+00,2016-06-02,1559.0
2246,2025-12-10 04:24:34.710161+00,2016-06-03,1543.0
2251,2025-12-10 04:24:43.567704+00,2016-06-06,1548.0
2252,2025-12-10 04:24:45.072512+00,2016-06-07,1541.0
2253,2025-12-10 04:24:46.559443+00,2016-06-08,1596.0
2254,2025-12-10 04:24:48.093764+00,2016-06-09,1591.5
2255,2025-12-10 04:24:49.617793+00,2016-06-10,1584.0
2256,2025-12-10 04:24:51.090635+00,2016-06-13,1581.5
2257,2025-12-10 04:24:52.561932+00,2016-06-14,1605.0
2258,2025-12-10 04:24:54.036904+00,2016-06-15,1613.5
2259,2025-12-10 04:24:55.518819+00,2016-06-16,1592.5
2260,2025-12-10 04:24:56.984808+00,2016-06-17,1602.5
2261,2025-12-10 04:24:58.463502+00,2016-06-20,1607.5
2262,2025-12-10 04:24:59.938212+00,2016-06-21,1623.5
2263,2025-12-10 04:25:01.431623+00,2016-06-22,1624.0
2264,2025-12-10 04:25:02.906087+00,2016-06-23,1628.0
2265,2025-12-10 04:25:04.40161+00,2016-06-24,1600.5
2266,2025-12-10 04:25:05.901245+00,2016-06-27,1592.0
2267,2025-12-10 04:25:07.385691+00,2016-06-28,1602.5
2268,2025-12-10 04:25:08.845972+00,2016-06-29,1614.0
2269,2025-12-10 04:25:10.323237+00,2016-06-30,1635.0
2270,2025-12-10 04:25:11.798994+00,2016-07-01,1645.0
2276,2025-12-10 04:25:22.238582+00,2016-07-04,1653.0
2277,2025-12-10 04:25:23.698564+00,2016-07-05,1624.0
2278,2025-12-10 04:25:25.180431+00,2016-07-06,1623.5
2279,2025-12-10 04:25:26.667285+00,2016-07-07,1637.0
2280,2025-12-10 04:25:28.135754+00,2016-07-08,1640.5
2281,2025-12-10 04:25:29.606616+00,2016-07-11,1653.0
2282,2025-12-10 04:25:31.08811+00,2016-07-12,1646.0
2283,2025-12-10 04:25:32.585558+00,2016-07-13,1669.5
2284,2025-12-10 04:25:34.067966+00,2016-07-14,1672.0
2285,2025-12-10 04:25:35.534084+00,2016-07-15,1682.0
2286,2025-12-10 04:25:37.00964+00,2016-07-18,1645.0
2287,2025-12-10 04:25:38.50781+00,2016-07-19,1643.0
2288,2025-12-10 04:25:40.019978+00,2016-07-20,1609.0
2289,2025-12-10 04:25:41.529419+00,2016-07-21,1594.5
2290,2025-12-10 04:25:43.025413+00,2016-07-22,1600.0
2291,2025-12-10 04:25:44.531552+00,2016-07-25,1601.0
2292,2025-12-10 04:25:46.007472+00,2016-07-26,1590.5
2293,2025-12-10 04:25:47.498416+00,2016-07-27,1584.0
2294,2025-12-10 04:25:49.03682+00,2016-07-28,1598.0
2295,2025-12-10 04:25:50.536082+00,2016-07-29,1616.0
2296,2025-12-10 04:25:53.447191+00,2016-08-01,1645.5
2297,2025-12-10 04:25:54.950508+00,2016-08-02,1635.5
2298,2025-12-10 04:25:56.427793+00,2016-08-03,1620.0
2299,2025-12-10 04:25:57.947921+00,2016-08-04,1616.0
2300,2025-12-10 04:25:59.438893+00,2016-08-05,1628.0
2301,2025-12-10 04:26:00.893101+00,2016-08-08,1645.0
2302,2025-12-10 04:26:02.354814+00,2016-08-09,1626.0
2303,2025-12-10 04:26:03.818072+00,2016-08-10,1646.0
2304,2025-12-10 04:26:05.303011+00,2016-08-11,1630.0
2305,2025-12-10 04:26:06.788745+00,2016-08-12,1635.0
2306,2025-12-10 04:26:08.272567+00,2016-08-15,1644.5
2307,2025-12-10 04:26:09.756952+00,2016-08-16,1676.0
2308,2025-12-10 04:26:11.243788+00,2016-08-17,1685.5
2309,2025-12-10 04:26:12.728891+00,2016-08-18,1690.5
2310,2025-12-10 04:26:14.211249+00,2016-08-19,1648.5
2311,2025-12-10 04:26:15.712864+00,2016-08-22,1652.0
2312,2025-12-10 04:26:17.199172+00,2016-08-23,1653.0
2313,2025-12-10 04:26:18.681323+00,2016-08-24,1656.5
2314,2025-12-10 04:26:20.178929+00,2016-08-25,1624.0
2315,2025-12-10 04:26:21.665245+00,2016-08-26,1627.5
2316,2025-12-10 04:26:23.139001+00,2016-08-30,1627.5
2317,2025-12-10 04:26:24.614385+00,2016-08-31,1601.0
2318,2025-12-10 04:26:26.095625+00,2016-09-01,1587.0
2319,2025-12-10 04:26:27.590307+00,2016-09-02,1592.0
2324,2025-12-10 04:26:36.489747+00,2016-09-05,1568.5
2325,2025-12-10 04:26:37.991057+00,2016-09-06,1573.5
2326,2025-12-10 04:26:39.472509+00,2016-09-07,1582.5
2327,2025-12-10 04:26:40.954932+00,2016-09-08,1566.0
2328,2025-12-10 04:26:42.432049+00,2016-09-09,1567.5
2329,2025-12-10 04:26:43.943008+00,2016-09-12,1545.5
2330,2025-12-10 04:26:45.447077+00,2016-09-13,1556.5
2331,2025-12-10 04:26:46.934102+00,2016-09-14,1552.5
2332,2025-12-10 04:26:48.429501+00,2016-09-15,1560.0
2333,2025-12-10 04:26:49.935144+00,2016-09-16,1560.0
2334,2025-12-10 04:26:51.446023+00,2016-09-19,1558.5
2335,2025-12-10 04:26:52.915915+00,2016-09-20,1563.0
2336,2025-12-10 04:26:54.419147+00,2016-09-21,1570.0
2337,2025-12-10 04:26:55.899589+00,2016-09-22,1611.5
2338,2025-12-10 04:26:57.400087+00,2016-09-23,1637.5
2339,2025-12-10 04:26:58.877692+00,2016-09-26,1620.0
2340,2025-12-10 04:27:00.361134+00,2016-09-27,1648.0
2341,2025-12-10 04:27:01.851623+00,2016-09-28,1648.5
2342,2025-12-10 04:27:03.353543+00,2016-09-29,1653.0
2343,2025-12-10 04:27:04.83898+00,2016-09-30,1658.5
2344,2025-12-10 04:27:07.75329+00,2016-10-03,1650.0
2345,2025-12-10 04:27:09.227715+00,2016-10-04,1670.5
2346,2025-12-10 04:27:10.708192+00,2016-10-05,1662.5
2347,2025-12-10 04:27:12.199278+00,2016-10-06,1667.5
2348,2025-12-10 04:27:13.658619+00,2016-10-07,1675.0
2349,2025-12-10 04:27:15.128423+00,2016-10-10,1678.0
2350,2025-12-10 04:27:16.604046+00,2016-10-11,1673.0
2351,2025-12-10 04:27:18.124756+00,2016-10-12,1684.0
2352,2025-12-10 04:27:19.603925+00,2016-10-13,1681.0
2353,2025-12-10 04:27:21.072791+00,2016-10-14,1685.0
2354,2025-12-10 04:27:22.541557+00,2016-10-17,1645.0
2355,2025-12-10 04:27:24.07967+00,2016-10-18,1663.5
2356,2025-12-10 04:27:25.591454+00,2016-10-19,1622.0
2357,2025-12-10 04:27:27.087527+00,2016-10-20,1612.5
2358,2025-12-10 04:27:28.578885+00,2016-10-21,1617.0
2359,2025-12-10 04:27:30.061723+00,2016-10-24,1626.5
2360,2025-12-10 04:27:31.550261+00,2016-10-25,1651.0
2361,2025-12-10 04:27:33.053295+00,2016-10-26,1673.0
2362,2025-12-10 04:27:34.552303+00,2016-10-27,1681.5
2363,2025-12-10 04:27:36.035757+00,2016-10-28,1701.5
2364,2025-12-10 04:27:37.507493+00,2016-10-31,1723.0
2365,2025-12-10 04:27:39.010385+00,2016-11-01,1732.0
2366,2025-12-10 04:27:40.491571+00,2016-11-02,1709.0
2367,2025-12-10 04:27:41.96811+00,2016-11-03,1726.0
2368,2025-12-10 04:27:43.454582+00,2016-11-04,1718.5
2374,2025-12-10 04:27:53.859794+00,2016-11-07,1716.0
2375,2025-12-10 04:27:55.315818+00,2016-11-08,1706.0
2376,2025-12-10 04:27:56.790613+00,2016-11-09,1737.5
2377,2025-12-10 04:27:58.294492+00,2016-11-10,1772.5
2378,2025-12-10 04:27:59.804539+00,2016-11-11,1777.0
2379,2025-12-10 04:28:01.299038+00,2016-11-14,1765.0
2380,2025-12-10 04:28:02.808909+00,2016-11-15,1727.0
2381,2025-12-10 04:28:04.28624+00,2016-11-16,1719.0
2382,2025-12-10 04:28:05.796048+00,2016-11-17,1692.5
2383,2025-12-10 04:28:07.268048+00,2016-11-18,1712.0
2384,2025-12-10 04:28:08.744698+00,2016-11-21,1726.0
2385,2025-12-10 04:28:10.22415+00,2016-11-22,1739.0
2386,2025-12-10 04:28:11.692485+00,2016-11-23,1765.5
2387,2025-12-10 04:28:13.173555+00,2016-11-24,1774.0
2388,2025-12-10 04:28:14.630979+00,2016-11-25,1751.0
2389,2025-12-10 04:28:16.108756+00,2016-11-28,1766.5
2390,2025-12-10 04:28:17.601578+00,2016-11-29,1722.0
2391,2025-12-10 04:28:19.094147+00,2016-11-30,1722.5
2392,2025-12-10 04:28:20.610317+00,2016-12-01,1724.0
2393,2025-12-10 04:28:22.104005+00,2016-12-02,1715.0
2394,2025-12-10 04:28:24.900593+00,2017-01-03,1702.0
2395,2025-12-10 04:28:26.397587+00,2017-01-04,1701.0
2396,2025-12-10 04:28:27.882837+00,2017-01-05,1709.5
2397,2025-12-10 04:28:29.361945+00,2017-01-06,1722.0
2398,2025-12-10 04:28:30.865675+00,2017-01-09,1717.0
2399,2025-12-10 04:28:32.369583+00,2017-01-10,1757.5
2400,2025-12-10 04:28:33.859953+00,2017-01-11,1748.5
2401,2025-12-10 04:28:35.34884+00,2017-01-12,1788.0
2402,2025-12-10 04:28:36.871803+00,2017-01-13,1790.5
2403,2025-12-10 04:28:38.371374+00,2017-01-16,1812.0
2404,2025-12-10 04:28:39.862095+00,2017-01-17,1805.5
2405,2025-12-10 04:28:41.323144+00,2017-01-18,1800.5
2406,2025-12-10 04:28:42.805058+00,2017-01-19,1832.0
2407,2025-12-10 04:28:44.27724+00,2017-01-20,1839.0
2408,2025-12-10 04:28:45.745683+00,2017-01-23,1870.0
2409,2025-12-10 04:28:47.235699+00,2017-01-24,1870.0
2410,2025-12-10 04:28:48.709253+00,2017-01-25,1849.0
2411,2025-12-10 04:28:50.214759+00,2017-01-26,1837.5
2412,2025-12-10 04:28:51.744045+00,2017-01-27,1827.5
2413,2025-12-10 04:28:53.252563+00,2017-01-30,1807.0
2414,2025-12-10 04:28:54.760315+00,2017-01-31,1820.5
2415,2025-12-10 04:28:56.242819+00,2017-02-01,1818.0
2416,2025-12-10 04:28:57.71646+00,2017-02-02,1813.0
2417,2025-12-10 04:28:59.201461+00,2017-02-03,1808.5
2423,2025-12-10 04:29:09.755049+00,2017-02-06,1812.0
2424,2025-12-10 04:29:11.247679+00,2017-02-07,1809.0
2425,2025-12-10 04:29:12.743705+00,2017-02-08,1821.0
2426,2025-12-10 04:29:14.239552+00,2017-02-09,1839.0
2427,2025-12-10 04:29:15.748516+00,2017-02-10,1849.0
2428,2025-12-10 04:29:17.24002+00,2017-02-13,1867.5
2429,2025-12-10 04:29:18.753026+00,2017-02-14,1893.0
2430,2025-12-10 04:29:20.27407+00,2017-02-15,1871.0
2431,2025-12-10 04:29:21.744862+00,2017-02-16,1878.0
2432,2025-12-10 04:29:23.24247+00,2017-02-17,1865.5
2433,2025-12-10 04:29:24.767677+00,2017-02-20,1878.0
2434,2025-12-10 04:29:26.258362+00,2017-02-21,1878.0
2435,2025-12-10 04:29:27.797219+00,2017-02-22,1873.0
2436,2025-12-10 04:29:29.279175+00,2017-02-23,1882.5
2437,2025-12-10 04:29:30.771343+00,2017-02-24,1877.0
2438,2025-12-10 04:29:32.278186+00,2017-02-27,1908.0
2439,2025-12-10 04:29:33.75473+00,2017-02-28,1895.0
2440,2025-12-10 04:29:35.245623+00,2017-03-01,1934.0
2441,2025-12-10 04:29:36.75244+00,2017-03-02,1929.0
2442,2025-12-10 04:29:38.263812+00,2017-03-03,1909.0
2448,2025-12-10 04:29:48.66794+00,2017-03-06,1868.0
2449,2025-12-10 04:29:50.167018+00,2017-03-07,1858.0
2450,2025-12-10 04:29:51.672385+00,2017-03-08,1881.0
2451,2025-12-10 04:29:53.199957+00,2017-03-09,1847.0
2452,2025-12-10 04:29:54.678635+00,2017-03-10,1884.5
2453,2025-12-10 04:29:56.161435+00,2017-03-13,1882.0
2454,2025-12-10 04:29:57.666028+00,2017-03-14,1851.0
2455,2025-12-10 04:29:59.185576+00,2017-03-15,1863.0
2456,2025-12-10 04:30:00.701952+00,2017-03-16,1895.0
2457,2025-12-10 04:30:02.223556+00,2017-03-17,1901.0
2458,2025-12-10 04:30:03.716675+00,2017-03-20,1908.0
2459,2025-12-10 04:30:05.217726+00,2017-03-21,1918.0
2460,2025-12-10 04:30:06.718829+00,2017-03-22,1910.0
2461,2025-12-10 04:30:08.231222+00,2017-03-23,1913.0
2462,2025-12-10 04:30:09.730289+00,2017-03-24,1917.5
2463,2025-12-10 04:30:11.239093+00,2017-03-27,1916.0
2464,2025-12-10 04:30:12.739628+00,2017-03-28,1918.5
2465,2025-12-10 04:30:14.238298+00,2017-03-29,1931.0
2466,2025-12-10 04:30:15.720666+00,2017-03-30,1955.0
2467,2025-12-10 04:30:17.214903+00,2017-03-31,1946.5
2468,2025-12-10 04:30:20.146165+00,2017-04-03,1948.5
2469,2025-12-10 04:30:21.663692+00,2017-04-04,1938.0
2470,2025-12-10 04:30:23.170851+00,2017-04-05,1962.0
2471,2025-12-10 04:30:24.667851+00,2017-04-06,1956.0
2472,2025-12-10 04:30:26.155916+00,2017-04-07,1929.5
2473,2025-12-10 04:30:27.658122+00,2017-04-10,1929.0
2474,2025-12-10 04:30:29.151217+00,2017-04-11,1907.5
2475,2025-12-10 04:30:30.641474+00,2017-04-12,1907.0
2476,2025-12-10 04:30:32.124292+00,2017-04-13,1890.0
2477,2025-12-10 04:30:33.651192+00,2017-04-18,1915.5
2478,2025-12-10 04:30:35.141431+00,2017-04-19,1895.5
2479,2025-12-10 04:30:36.636479+00,2017-04-20,1933.0
2480,2025-12-10 04:30:38.134207+00,2017-04-21,1932.5
2481,2025-12-10 04:30:39.643125+00,2017-04-24,1928.0
2482,2025-12-10 04:30:41.134652+00,2017-04-25,1943.0
2483,2025-12-10 04:30:42.642043+00,2017-04-26,1957.5
2484,2025-12-10 04:30:44.121417+00,2017-04-27,1954.5
2485,2025-12-10 04:30:45.615849+00,2017-04-28,1930.0
2486,2025-12-10 04:30:48.536657+00,2017-05-02,1909.0
2487,2025-12-10 04:30:50.041642+00,2017-05-03,1916.0
2488,2025-12-10 04:30:51.535075+00,2017-05-04,1909.5
2489,2025-12-10 04:30:53.019977+00,2017-05-05,1907.0
2490,2025-12-10 04:30:54.522117+00,2017-05-08,1879.0
2491,2025-12-10 04:30:56.010383+00,2017-05-09,1874.0
2492,2025-12-10 04:30:57.482613+00,2017-05-10,1870.0
2493,2025-12-10 04:30:58.98486+00,2017-05-11,1887.0
2494,2025-12-10 04:31:00.467189+00,2017-05-12,1880.0
2495,2025-12-10 04:31:01.952924+00,2017-05-15,1899.5
2496,2025-12-10 04:31:03.463747+00,2017-05-16,1915.0
2497,2025-12-10 04:31:04.940601+00,2017-05-17,1928.0
2498,2025-12-10 04:31:06.421703+00,2017-05-18,1905.0
2499,2025-12-10 04:31:07.912435+00,2017-05-19,1938.0
2500,2025-12-10 04:31:09.38495+00,2017-05-22,1943.0
2501,2025-12-10 04:31:10.877096+00,2017-05-23,1926.0
2502,2025-12-10 04:31:12.379519+00,2017-05-24,1944.0
2503,2025-12-10 04:31:13.880479+00,2017-05-25,1954.0
2504,2025-12-10 04:31:15.377708+00,2017-05-26,1950.0
2505,2025-12-10 04:31:16.911116+00,2017-05-30,1943.5
2506,2025-12-10 04:31:18.423075+00,2017-05-31,1919.5
2507,2025-12-10 04:31:19.915034+00,2017-06-01,1930.0
2508,2025-12-10 04:31:21.378869+00,2017-06-02,1916.5
2513,2025-12-10 04:31:30.2095+00,2017-06-05,1917.5
2514,2025-12-10 04:31:31.679256+00,2017-06-06,1893.0
2515,2025-12-10 04:31:33.142659+00,2017-06-07,1903.5
2516,2025-12-10 04:31:34.64948+00,2017-06-08,1902.5
2517,2025-12-10 04:31:36.129374+00,2017-06-09,1901.5
2518,2025-12-10 04:31:37.617236+00,2017-06-12,1888.0
2519,2025-12-10 04:31:39.118056+00,2017-06-13,1877.0
2520,2025-12-10 04:31:40.614754+00,2017-06-14,1886.5
2521,2025-12-10 04:31:42.100141+00,2017-06-15,1864.0
2522,2025-12-10 04:31:43.567132+00,2017-06-16,1861.0
2523,2025-12-10 04:31:45.033339+00,2017-06-19,1861.5
2524,2025-12-10 04:31:46.511427+00,2017-06-20,1889.0
2525,2025-12-10 04:31:48.009478+00,2017-06-21,1865.5
2526,2025-12-10 04:31:49.503286+00,2017-06-22,1872.0
2527,2025-12-10 04:31:50.988189+00,2017-06-23,1868.0
2528,2025-12-10 04:31:52.500243+00,2017-06-26,1855.0
2529,2025-12-10 04:31:53.990855+00,2017-06-27,1861.5
2530,2025-12-10 04:31:55.492298+00,2017-06-28,1886.0
2531,2025-12-10 04:31:56.986803+00,2017-06-29,1897.5
2532,2025-12-10 04:31:58.471475+00,2017-06-30,1908.5
2533,2025-12-10 04:32:01.399257+00,2017-07-03,1917.5
2534,2025-12-10 04:32:02.919106+00,2017-07-04,1903.5
2535,2025-12-10 04:32:04.421743+00,2017-07-05,1913.0
2536,2025-12-10 04:32:05.911599+00,2017-07-06,1925.5
2537,2025-12-10 04:32:07.394194+00,2017-07-07,1920.0
2538,2025-12-10 04:32:08.883458+00,2017-07-10,1914.0
2539,2025-12-10 04:32:10.365912+00,2017-07-11,1879.0
2540,2025-12-10 04:32:11.870668+00,2017-07-12,1877.0
2541,2025-12-10 04:32:13.368035+00,2017-07-13,1911.0
2542,2025-12-10 04:32:14.850568+00,2017-07-14,1904.0
2543,2025-12-10 04:32:16.33195+00,2017-07-17,1901.0
2544,2025-12-10 04:32:17.835466+00,2017-07-18,1887.0
2545,2025-12-10 04:32:19.343548+00,2017-07-19,1907.0
2546,2025-12-10 04:32:20.861184+00,2017-07-20,1898.0
2547,2025-12-10 04:32:22.370756+00,2017-07-21,1901.0
2548,2025-12-10 04:32:23.88928+00,2017-07-24,1890.0
2549,2025-12-10 04:32:25.376178+00,2017-07-25,1896.5
2550,2025-12-10 04:32:26.878478+00,2017-07-26,1912.0
2551,2025-12-10 04:32:28.449419+00,2017-07-27,1923.0
2552,2025-12-10 04:32:29.981802+00,2017-07-28,1892.0
2553,2025-12-10 04:32:31.473715+00,2017-07-31,1904.0
2554,2025-12-10 04:32:32.980834+00,2017-08-01,1887.0
2555,2025-12-10 04:32:34.506039+00,2017-08-02,1904.0
2556,2025-12-10 04:32:36.008172+00,2017-08-03,1891.5
2557,2025-12-10 04:32:37.550505+00,2017-08-04,1890.0
2563,2025-12-10 04:32:47.946102+00,2017-08-07,1920.0
2564,2025-12-10 04:32:49.439134+00,2017-08-08,1981.0
2565,2025-12-10 04:32:50.933402+00,2017-08-09,2018.0
2566,2025-12-10 04:32:52.423316+00,2017-08-10,2024.0
2567,2025-12-10 04:32:53.975046+00,2017-08-11,2040.5
2568,2025-12-10 04:32:55.47273+00,2017-08-14,2030.0
2569,2025-12-10 04:32:56.972829+00,2017-08-15,2056.0
2570,2025-12-10 04:32:58.475344+00,2017-08-16,2075.0
2571,2025-12-10 04:32:59.976753+00,2017-08-17,2095.5
2572,2025-12-10 04:33:01.469391+00,2017-08-18,2104.5
2573,2025-12-10 04:33:02.933733+00,2017-08-21,2084.5
2574,2025-12-10 04:33:04.414978+00,2017-08-22,2104.5
2575,2025-12-10 04:33:05.869255+00,2017-08-23,2082.5
2576,2025-12-10 04:33:07.338141+00,2017-08-24,2105.0
2577,2025-12-10 04:33:08.854192+00,2017-08-25,2096.5
2578,2025-12-10 04:33:10.3581+00,2017-08-29,2092.0
2579,2025-12-10 04:33:11.84171+00,2017-08-30,2066.5
2580,2025-12-10 04:33:13.347345+00,2017-08-31,2113.5
2581,2025-12-10 04:33:14.833198+00,2017-09-01,2113.5
2586,2025-12-10 04:33:23.654444+00,2017-09-04,2095.5
2587,2025-12-10 04:33:25.15155+00,2017-09-05,2082.0
2588,2025-12-10 04:33:26.61655+00,2017-09-06,2069.5
2589,2025-12-10 04:33:28.116054+00,2017-09-07,2075.0
2590,2025-12-10 04:33:29.625388+00,2017-09-08,2072.0
2591,2025-12-10 04:33:31.105875+00,2017-09-11,2100.5
2592,2025-12-10 04:33:32.59726+00,2017-09-12,2083.0
2593,2025-12-10 04:33:34.090711+00,2017-09-13,2083.0
2594,2025-12-10 04:33:35.568245+00,2017-09-14,2065.0
2595,2025-12-10 04:33:37.047576+00,2017-09-15,2068.0
2596,2025-12-10 04:33:38.509715+00,2017-09-18,2066.5
2597,2025-12-10 04:33:39.98545+00,2017-09-19,2107.5
2598,2025-12-10 04:33:41.444825+00,2017-09-20,2164.0
2599,2025-12-10 04:33:42.904721+00,2017-09-21,2154.0
2600,2025-12-10 04:33:44.379646+00,2017-09-22,2137.0
2601,2025-12-10 04:33:45.863535+00,2017-09-25,2128.0
2602,2025-12-10 04:33:47.353669+00,2017-09-26,2116.0
2603,2025-12-10 04:33:48.843674+00,2017-09-27,2117.0
2604,2025-12-10 04:33:50.337283+00,2017-09-28,2102.5
2605,2025-12-10 04:33:51.828873+00,2017-09-29,2110.5
2606,2025-12-10 04:33:54.845177+00,2017-10-02,2067.0
2607,2025-12-10 04:33:56.351881+00,2017-10-03,2114.5
2608,2025-12-10 04:33:57.861914+00,2017-10-04,2139.5
2609,2025-12-10 04:33:59.36994+00,2017-10-05,2124.0
2610,2025-12-10 04:34:00.864846+00,2017-10-06,2121.5
2611,2025-12-10 04:34:02.366508+00,2017-10-09,2135.0
2612,2025-12-10 04:34:03.861727+00,2017-10-10,2133.0
2613,2025-12-10 04:34:05.352427+00,2017-10-11,2124.0
2614,2025-12-10 04:34:06.834831+00,2017-10-12,2117.5
2615,2025-12-10 04:34:08.333018+00,2017-10-13,2140.0
2616,2025-12-10 04:34:09.802624+00,2017-10-16,2144.0
2617,2025-12-10 04:34:11.29621+00,2017-10-17,2111.0
2618,2025-12-10 04:34:12.777546+00,2017-10-18,2106.5
2619,2025-12-10 04:34:14.260153+00,2017-10-19,2128.5
2620,2025-12-10 04:34:15.764184+00,2017-10-20,2159.0
2621,2025-12-10 04:34:17.257244+00,2017-10-23,2133.5
2622,2025-12-10 04:34:18.765457+00,2017-10-24,2144.0
2623,2025-12-10 04:34:20.243274+00,2017-10-25,2149.5
2624,2025-12-10 04:34:21.732198+00,2017-10-26,2175.0
2625,2025-12-10 04:34:23.238872+00,2017-10-27,2119.0
2626,2025-12-10 04:34:24.725662+00,2017-10-30,2143.0
2627,2025-12-10 04:34:26.215974+00,2017-10-31,2140.0
2628,2025-12-10 04:34:27.716135+00,2017-11-01,2188.0
2629,2025-12-10 04:34:29.237048+00,2017-11-02,2152.0
2630,2025-12-10 04:34:30.75011+00,2017-11-03,2165.0
2636,2025-12-10 04:34:41.216981+00,2017-11-06,2152.0
2637,2025-12-10 04:34:42.73463+00,2017-11-07,2131.0
2638,2025-12-10 04:34:44.225457+00,2017-11-08,2103.5
2639,2025-12-10 04:34:45.714847+00,2017-11-09,2078.0
2640,2025-12-10 04:34:47.198094+00,2017-11-10,2090.0
2641,2025-12-10 04:34:48.688231+00,2017-11-13,2100.0
2642,2025-12-10 04:34:50.186804+00,2017-11-14,2085.0
2643,2025-12-10 04:34:51.686716+00,2017-11-15,2082.0
2644,2025-12-10 04:34:53.18071+00,2017-11-16,2106.0
2645,2025-12-10 04:34:54.685888+00,2017-11-17,2077.0
2646,2025-12-10 04:34:56.1991+00,2017-11-20,2067.5
2647,2025-12-10 04:34:57.68024+00,2017-11-21,2062.0
2648,2025-12-10 04:34:59.152571+00,2017-11-22,2085.0
2649,2025-12-10 04:35:00.628041+00,2017-11-23,2090.0
2650,2025-12-10 04:35:02.107733+00,2017-11-24,2104.0
2651,2025-12-10 04:35:03.598045+00,2017-11-27,2109.5
2652,2025-12-10 04:35:05.098101+00,2017-11-28,2100.0
2653,2025-12-10 04:35:06.589824+00,2017-11-29,2062.0
2654,2025-12-10 04:35:08.055699+00,2017-11-30,2033.0
2655,2025-12-10 04:35:09.546469+00,2017-12-01,2046.5
2656,2025-12-10 04:35:12.503581+00,2018-01-02,2256.0
2657,2025-12-10 04:35:13.985838+00,2018-01-03,2241.0
2658,2025-12-10 04:35:15.435912+00,2018-01-04,2230.0
2659,2025-12-10 04:35:16.930369+00,2018-01-05,2205.5
2660,2025-12-10 04:35:18.431432+00,2018-01-08,2177.5
2661,2025-12-10 04:35:19.931392+00,2018-01-09,2143.5
2662,2025-12-10 04:35:21.431326+00,2018-01-10,2159.0
2663,2025-12-10 04:35:22.915146+00,2018-01-11,2179.0
2664,2025-12-10 04:35:24.399812+00,2018-01-12,2215.0
2665,2025-12-10 04:35:25.886881+00,2018-01-15,2227.5
2666,2025-12-10 04:35:27.378073+00,2018-01-16,2172.0
2667,2025-12-10 04:35:28.877507+00,2018-01-17,2187.0
2668,2025-12-10 04:35:30.353575+00,2018-01-18,2225.0
2669,2025-12-10 04:35:31.827794+00,2018-01-19,2256.0
2670,2025-12-10 04:35:33.286663+00,2018-01-22,2235.0
2671,2025-12-10 04:35:34.775394+00,2018-01-23,2213.5
2672,2025-12-10 04:35:36.271316+00,2018-01-24,2216.0
2673,2025-12-10 04:35:37.737661+00,2018-01-25,2237.5
2674,2025-12-10 04:35:39.221751+00,2018-01-26,2238.0
2675,2025-12-10 04:35:40.690394+00,2018-01-29,2251.5
2676,2025-12-10 04:35:42.162082+00,2018-01-30,2229.0
2677,2025-12-10 04:35:43.663182+00,2018-01-31,2224.5
2678,2025-12-10 04:35:45.137716+00,2018-02-01,2218.0
2679,2025-12-10 04:35:46.630341+00,2018-02-02,2228.0
2685,2025-12-10 04:35:56.971793+00,2018-02-05,2202.0
2686,2025-12-10 04:35:58.443967+00,2018-02-06,2196.0
2687,2025-12-10 04:35:59.936764+00,2018-02-07,2181.5
2688,2025-12-10 04:36:01.437183+00,2018-02-08,2168.0
2689,2025-12-10 04:36:02.925652+00,2018-02-09,2142.0
2690,2025-12-10 04:36:04.43038+00,2018-02-12,2129.5
2691,2025-12-10 04:36:05.959687+00,2018-02-13,2123.5
2692,2025-12-10 04:36:07.446704+00,2018-02-14,2138.0
2693,2025-12-10 04:36:08.934724+00,2018-02-15,2164.0
2694,2025-12-10 04:36:10.435273+00,2018-02-16,2189.5
2695,2025-12-10 04:36:11.95261+00,2018-02-19,2266.0
2696,2025-12-10 04:36:13.453975+00,2018-02-20,2239.0
2697,2025-12-10 04:36:14.978883+00,2018-02-21,2190.0
2698,2025-12-10 04:36:16.479486+00,2018-02-22,2194.0
2699,2025-12-10 04:36:17.971403+00,2018-02-23,2210.0
2700,2025-12-10 04:36:19.492636+00,2018-02-26,2188.5
2701,2025-12-10 04:36:21.01007+00,2018-02-27,2172.5
2702,2025-12-10 04:36:22.49877+00,2018-02-28,2158.5
2703,2025-12-10 04:36:23.968559+00,2018-03-01,2143.0
2704,2025-12-10 04:36:25.451303+00,2018-03-02,2144.0
2710,2025-12-10 04:36:35.893961+00,2018-03-05,2135.0
2711,2025-12-10 04:36:37.378135+00,2018-03-06,2136.0
2712,2025-12-10 04:36:38.891923+00,2018-03-07,2112.5
2713,2025-12-10 04:36:40.387581+00,2018-03-08,2082.5
2714,2025-12-10 04:36:41.887615+00,2018-03-09,2078.5
2715,2025-12-10 04:36:43.369691+00,2018-03-12,2097.0
2716,2025-12-10 04:36:44.854022+00,2018-03-13,2080.0
2717,2025-12-10 04:36:46.35305+00,2018-03-14,2096.0
2718,2025-12-10 04:36:47.873725+00,2018-03-15,2062.5
2719,2025-12-10 04:36:49.391587+00,2018-03-16,2069.0
2720,2025-12-10 04:36:50.889113+00,2018-03-19,2070.5
2721,2025-12-10 04:36:52.400313+00,2018-03-20,2073.0
2722,2025-12-10 04:36:53.876277+00,2018-03-21,2056.5
2723,2025-12-10 04:36:55.375828+00,2018-03-22,2059.0
2724,2025-12-10 04:36:56.899049+00,2018-03-23,2049.0
2725,2025-12-10 04:36:58.417342+00,2018-03-26,2022.0
2726,2025-12-10 04:36:59.927168+00,2018-03-27,2035.0
2727,2025-12-10 04:37:01.413484+00,2018-03-28,2009.0
2728,2025-12-10 04:37:02.891838+00,2018-03-29,1997.0
2729,2025-12-10 04:37:05.866422+00,2018-04-03,2010.0
2730,2025-12-10 04:37:07.349699+00,2018-04-04,1972.0
2731,2025-12-10 04:37:08.83016+00,2018-04-05,1969.0
2732,2025-12-10 04:37:10.311483+00,2018-04-06,1967.0
2733,2025-12-10 04:37:11.772739+00,2018-04-09,2113.0
2734,2025-12-10 04:37:13.264421+00,2018-04-10,2171.5
2735,2025-12-10 04:37:14.757638+00,2018-04-11,2253.0
2736,2025-12-10 04:37:16.243936+00,2018-04-12,2220.5
2737,2025-12-10 04:37:17.733724+00,2018-04-13,2325.0
2738,2025-12-10 04:37:19.213453+00,2018-04-16,2358.5
2739,2025-12-10 04:37:20.687542+00,2018-04-17,2375.5
2740,2025-12-10 04:37:22.1774+00,2018-04-18,2528.5
2741,2025-12-10 04:37:23.658135+00,2018-04-19,2602.5
2742,2025-12-10 04:37:25.151995+00,2018-04-20,2463.0
2743,2025-12-10 04:37:26.651767+00,2018-04-23,2452.0
2744,2025-12-10 04:37:28.109198+00,2018-04-24,2222.0
2745,2025-12-10 04:37:29.595785+00,2018-04-25,2248.0
2746,2025-12-10 04:37:31.112243+00,2018-04-26,2204.0
2747,2025-12-10 04:37:32.597667+00,2018-04-27,2249.0
2748,2025-12-10 04:37:34.08687+00,2018-04-30,2224.0
2749,2025-12-10 04:37:35.56093+00,2018-05-01,2258.0
2750,2025-12-10 04:37:37.022056+00,2018-05-02,2269.0
2751,2025-12-10 04:37:38.487587+00,2018-05-03,2349.0
2752,2025-12-10 04:37:39.974343+00,2018-05-04,2316.0
2758,2025-12-10 04:37:50.430669+00,2018-05-08,2384.0
2759,2025-12-10 04:37:51.91286+00,2018-05-09,2295.0
2760,2025-12-10 04:37:53.387006+00,2018-05-10,2327.0
2761,2025-12-10 04:37:54.868428+00,2018-05-11,2273.5
2762,2025-12-10 04:37:56.401278+00,2018-05-14,2285.5
2763,2025-12-10 04:37:57.895409+00,2018-05-15,2313.0
2764,2025-12-10 04:37:59.380093+00,2018-05-16,2319.5
2765,2025-12-10 04:38:00.865173+00,2018-05-17,2280.0
2766,2025-12-10 04:38:02.349193+00,2018-05-18,2297.0
2767,2025-12-10 04:38:03.822191+00,2018-05-21,2278.5
2768,2025-12-10 04:38:05.307682+00,2018-05-22,2265.5
2769,2025-12-10 04:38:06.797593+00,2018-05-23,2227.0
2770,2025-12-10 04:38:08.279968+00,2018-05-24,2271.0
2771,2025-12-10 04:38:09.77786+00,2018-05-25,2282.0
2772,2025-12-10 04:38:11.282217+00,2018-05-29,2260.0
2773,2025-12-10 04:38:12.767752+00,2018-05-30,2265.5
2774,2025-12-10 04:38:14.258223+00,2018-05-31,2285.5
2775,2025-12-10 04:38:15.755443+00,2018-06-01,2271.0
2780,2025-12-10 04:38:24.643139+00,2018-06-04,2324.5
2781,2025-12-10 04:38:26.13438+00,2018-06-05,2314.5
2782,2025-12-10 04:38:27.598116+00,2018-06-06,2317.5
2783,2025-12-10 04:38:29.072432+00,2018-06-07,2331.0
2784,2025-12-10 04:38:30.569002+00,2018-06-08,2287.5
2785,2025-12-10 04:38:32.059293+00,2018-06-11,2300.0
2786,2025-12-10 04:38:33.519126+00,2018-06-12,2309.0
2787,2025-12-10 04:38:34.993466+00,2018-06-13,2278.0
2788,2025-12-10 04:38:36.474255+00,2018-06-14,2277.5
2789,2025-12-10 04:38:37.956086+00,2018-06-15,2239.5
2790,2025-12-10 04:38:39.420426+00,2018-06-18,2220.5
2791,2025-12-10 04:38:40.877613+00,2018-06-19,2179.0
2792,2025-12-10 04:38:42.355924+00,2018-06-20,2179.0
2793,2025-12-10 04:38:43.867623+00,2018-06-21,2167.0
2794,2025-12-10 04:38:45.349023+00,2018-06-22,2166.0
2795,2025-12-10 04:38:46.847234+00,2018-06-25,2172.0
2796,2025-12-10 04:38:48.311303+00,2018-06-26,2152.0
2797,2025-12-10 04:38:49.768062+00,2018-06-27,2204.5
2798,2025-12-10 04:38:51.242283+00,2018-06-28,2173.0
2799,2025-12-10 04:38:52.731852+00,2018-06-29,2183.0
2800,2025-12-10 04:38:55.671533+00,2018-07-02,2153.0
2801,2025-12-10 04:38:57.213796+00,2018-07-03,2165.0
2802,2025-12-10 04:38:58.736849+00,2018-07-04,2120.5
2803,2025-12-10 04:39:00.272095+00,2018-07-05,2127.0
2804,2025-12-10 04:39:01.775162+00,2018-07-06,2098.5
2805,2025-12-10 04:39:03.283892+00,2018-07-09,2135.5
2806,2025-12-10 04:39:04.77426+00,2018-07-10,2140.5
2807,2025-12-10 04:39:06.264469+00,2018-07-11,2120.5
2808,2025-12-10 04:39:07.765293+00,2018-07-12,2104.5
2809,2025-12-10 04:39:09.265651+00,2018-07-13,2102.0
2810,2025-12-10 04:39:10.773253+00,2018-07-16,2130.0
2811,2025-12-10 04:39:12.271388+00,2018-07-17,2110.0
2812,2025-12-10 04:39:13.765049+00,2018-07-18,2040.0
2813,2025-12-10 04:39:15.245738+00,2018-07-19,2062.0
2814,2025-12-10 04:39:16.767308+00,2018-07-20,2075.0
2815,2025-12-10 04:39:18.251644+00,2018-07-23,2130.0
2816,2025-12-10 04:39:19.752771+00,2018-07-24,2082.0
2817,2025-12-10 04:39:21.243244+00,2018-07-25,2056.5
2818,2025-12-10 04:39:22.747632+00,2018-07-26,2054.0
2819,2025-12-10 04:39:24.257061+00,2018-07-27,2055.0
2820,2025-12-10 04:39:25.771574+00,2018-07-30,2054.0
2821,2025-12-10 04:39:27.270446+00,2018-07-31,2061.0
2822,2025-12-10 04:39:28.784512+00,2018-08-01,2036.0
2823,2025-12-10 04:39:30.301025+00,2018-08-02,2023.0
2824,2025-12-10 04:39:31.80944+00,2018-08-03,2016.0
2830,2025-12-10 04:39:42.289597+00,2018-08-06,2000.5
2831,2025-12-10 04:39:43.783401+00,2018-08-07,2026.5
2832,2025-12-10 04:39:45.300944+00,2018-08-08,2022.0
2833,2025-12-10 04:39:46.787322+00,2018-08-09,2118.0
2834,2025-12-10 04:39:48.294889+00,2018-08-10,2039.0
2835,2025-12-10 04:39:49.769915+00,2018-08-13,2052.0
2836,2025-12-10 04:39:51.266528+00,2018-08-14,2038.0
2837,2025-12-10 04:39:52.763536+00,2018-08-15,1994.5
2838,2025-12-10 04:39:54.246341+00,2018-08-16,1998.0
2839,2025-12-10 04:39:55.774046+00,2018-08-17,1999.0
2840,2025-12-10 04:39:57.308342+00,2018-08-20,2033.0
2841,2025-12-10 04:39:58.778752+00,2018-08-21,2040.5
2842,2025-12-10 04:40:00.27577+00,2018-08-22,2038.5
2843,2025-12-10 04:40:01.764726+00,2018-08-23,2021.5
2844,2025-12-10 04:40:03.279098+00,2018-08-24,2062.0
2845,2025-12-10 04:40:04.738326+00,2018-08-28,2088.0
2846,2025-12-10 04:40:06.210377+00,2018-08-29,2116.0
2847,2025-12-10 04:40:07.68983+00,2018-08-30,2127.0
2848,2025-12-10 04:40:09.163945+00,2018-08-31,2112.0
2849,2025-12-10 04:40:12.023833+00,2018-09-03,2083.5
2850,2025-12-10 04:40:13.52801+00,2018-09-04,2040.0
2851,2025-12-10 04:40:14.997705+00,2018-09-05,2046.0
2852,2025-12-10 04:40:16.505767+00,2018-09-06,2030.5
2853,2025-12-10 04:40:18.015854+00,2018-09-07,2030.0
2854,2025-12-10 04:40:19.503166+00,2018-09-10,2000.0
2855,2025-12-10 04:40:20.989858+00,2018-09-11,2035.0
2856,2025-12-10 04:40:22.496447+00,2018-09-12,1981.5
2857,2025-12-10 04:40:23.988436+00,2018-09-13,2014.5
2858,2025-12-10 04:40:25.473551+00,2018-09-14,2015.5
2859,2025-12-10 04:40:26.953003+00,2018-09-17,1985.0
2860,2025-12-10 04:40:28.443933+00,2018-09-18,2012.0
2861,2025-12-10 04:40:29.933329+00,2018-09-19,1981.0
2862,2025-12-10 04:40:31.412905+00,2018-09-20,2018.5
2863,2025-12-10 04:40:32.977383+00,2018-09-21,2034.0
2864,2025-12-10 04:40:34.459535+00,2018-09-24,2035.0
2865,2025-12-10 04:40:35.944653+00,2018-09-25,2020.0
2866,2025-12-10 04:40:37.439905+00,2018-09-26,2056.5
2867,2025-12-10 04:40:38.941116+00,2018-09-27,2030.0
2868,2025-12-10 04:40:40.435896+00,2018-09-28,2011.5
2869,2025-12-10 04:40:43.375717+00,2018-10-01,2047.5
2870,2025-12-10 04:40:44.857977+00,2018-10-02,2080.0
2871,2025-12-10 04:40:46.334604+00,2018-10-03,2166.5
2872,2025-12-10 04:40:47.805103+00,2018-10-04,2243.5
2873,2025-12-10 04:40:49.298715+00,2018-10-05,2140.0
2874,2025-12-10 04:40:50.798853+00,2018-10-08,2073.5
2875,2025-12-10 04:40:52.269857+00,2018-10-09,2031.5
2876,2025-12-10 04:40:53.73944+00,2018-10-10,2029.0
2877,2025-12-10 04:40:55.203784+00,2018-10-11,2024.0
2878,2025-12-10 04:40:56.685162+00,2018-10-12,2045.0
2879,2025-12-10 04:40:58.233432+00,2018-10-15,2028.0
2880,2025-12-10 04:40:59.714215+00,2018-10-16,2022.0
2881,2025-12-10 04:41:01.206071+00,2018-10-17,2018.0
2882,2025-12-10 04:41:02.699197+00,2018-10-18,2007.5
2883,2025-12-10 04:41:04.182922+00,2018-10-19,2022.5
2884,2025-12-10 04:41:05.674512+00,2018-10-22,2002.5
2885,2025-12-10 04:41:07.178387+00,2018-10-23,1997.0
2886,2025-12-10 04:41:08.677175+00,2018-10-24,1987.5
2887,2025-12-10 04:41:10.172014+00,2018-10-25,1981.0
2888,2025-12-10 04:41:11.658976+00,2018-10-26,1961.0
2889,2025-12-10 04:41:13.15124+00,2018-10-29,1980.5
2890,2025-12-10 04:41:14.621287+00,2018-10-30,1952.0
2891,2025-12-10 04:41:16.120518+00,2018-10-31,1946.0
2892,2025-12-10 04:41:17.6134+00,2018-11-01,1961.0
2893,2025-12-10 04:41:19.115323+00,2018-11-02,1967.0
2899,2025-12-10 04:41:29.491764+00,2018-11-05,1959.0
2900,2025-12-10 04:41:30.987579+00,2018-11-06,1950.0
2901,2025-12-10 04:41:32.481044+00,2018-11-07,1951.5
2902,2025-12-10 04:41:33.983629+00,2018-11-08,1977.0
2903,2025-12-10 04:41:35.480746+00,2018-11-09,1964.5
2904,2025-12-10 04:41:36.976155+00,2018-11-12,1934.0
2905,2025-12-10 04:41:38.484265+00,2018-11-13,1925.0
2906,2025-12-10 04:41:39.978632+00,2018-11-14,1931.0
2907,2025-12-10 04:41:41.476591+00,2018-11-15,1917.0
2908,2025-12-10 04:41:42.986999+00,2018-11-16,1914.0
2909,2025-12-10 04:41:44.475911+00,2018-11-19,1918.0
2910,2025-12-10 04:41:45.966037+00,2018-11-20,1927.0
2911,2025-12-10 04:41:47.459558+00,2018-11-21,1945.0
2912,2025-12-10 04:41:48.960669+00,2018-11-22,1941.5
2913,2025-12-10 04:41:50.416406+00,2018-11-23,1922.5
2914,2025-12-10 04:41:51.893978+00,2018-11-26,1920.0
2915,2025-12-10 04:41:53.350805+00,2018-11-27,1925.0
2916,2025-12-10 04:41:54.805541+00,2018-11-28,1912.5
2917,2025-12-10 04:41:56.295262+00,2018-11-29,1933.0
2918,2025-12-10 04:41:57.777893+00,2018-11-30,1935.0
2919,2025-12-10 04:42:00.646844+00,2019-12-31,1869.5
2920,2025-12-10 04:42:02.238025+00,2019-01-02,1858.0
2921,2025-12-10 04:42:03.70739+00,2019-01-03,1825.5
2922,2025-12-10 04:42:05.172802+00,2019-01-04,1879.0
2923,2025-12-10 04:42:06.639495+00,2019-01-07,1858.0
2924,2025-12-10 04:42:08.137557+00,2019-01-08,1837.0
2925,2025-12-10 04:42:09.607667+00,2019-01-09,1842.0
2926,2025-12-10 04:42:11.09162+00,2019-01-10,1844.0
2927,2025-12-10 04:42:12.570729+00,2019-01-11,1816.0
2928,2025-12-10 04:42:14.082103+00,2019-01-14,1775.5
2929,2025-12-10 04:42:15.707658+00,2019-01-15,1810.5
2930,2025-12-10 04:42:17.210542+00,2019-01-16,1839.5
2931,2025-12-10 04:42:18.701514+00,2019-01-17,1804.0
2932,2025-12-10 04:42:20.209721+00,2019-01-18,1851.0
2933,2025-12-10 04:42:21.722197+00,2019-01-21,1842.5
2934,2025-12-10 04:42:23.207793+00,2019-01-22,1867.5
2935,2025-12-10 04:42:24.708115+00,2019-01-23,1877.5
2936,2025-12-10 04:42:26.194866+00,2019-01-24,1851.0
2937,2025-12-10 04:42:27.684387+00,2019-01-25,1866.5
2938,2025-12-10 04:42:29.178201+00,2019-01-28,1860.0
2939,2025-12-10 04:42:30.663563+00,2019-01-29,1853.0
2940,2025-12-10 04:42:32.1348+00,2019-01-30,1871.0
2941,2025-12-10 04:42:33.611829+00,2019-01-31,1880.5
2942,2025-12-10 04:42:35.1054+00,2019-02-01,1872.5
2948,2025-12-10 04:42:45.530707+00,2019-02-04,1840.0
2949,2025-12-10 04:42:47.009375+00,2019-02-05,1896.5
2950,2025-12-10 04:42:48.494913+00,2019-02-06,1886.5
2951,2025-12-10 04:42:49.976853+00,2019-02-07,1862.5
2952,2025-12-10 04:42:51.471699+00,2019-02-08,1865.0
2953,2025-12-10 04:42:52.966312+00,2019-02-11,1848.0
2954,2025-12-10 04:42:54.478831+00,2019-02-12,1840.5
2955,2025-12-10 04:42:55.959442+00,2019-02-13,1840.0
2956,2025-12-10 04:42:57.461471+00,2019-02-14,1829.0
2957,2025-12-10 04:42:58.966428+00,2019-02-15,1828.5
2958,2025-12-10 04:43:00.459029+00,2019-02-18,1822.5
2959,2025-12-10 04:43:01.944238+00,2019-02-19,1833.5
2960,2025-12-10 04:43:03.429631+00,2019-02-20,1829.5
2961,2025-12-10 04:43:04.909116+00,2019-02-21,1858.5
2962,2025-12-10 04:43:06.402449+00,2019-02-22,1890.5
2963,2025-12-10 04:43:07.895803+00,2019-02-25,1886.0
2964,2025-12-10 04:43:09.371291+00,2019-02-26,1870.0
2965,2025-12-10 04:43:10.846867+00,2019-02-27,1898.5
2966,2025-12-10 04:43:12.334401+00,2019-02-28,1893.0
2967,2025-12-10 04:43:13.81406+00,2019-03-01,1890.5
2973,2025-12-10 04:43:24.16798+00,2019-03-04,1859.5
2974,2025-12-10 04:43:25.639301+00,2019-03-05,1868.5
2975,2025-12-10 04:43:27.122721+00,2019-03-06,1846.0
2976,2025-12-10 04:43:28.622108+00,2019-03-07,1841.0
2977,2025-12-10 04:43:30.103101+00,2019-03-08,1848.0
2978,2025-12-10 04:43:31.592582+00,2019-03-11,1830.0
2979,2025-12-10 04:43:33.093628+00,2019-03-12,1851.0
2980,2025-12-10 04:43:34.616627+00,2019-03-13,1873.0
2981,2025-12-10 04:43:36.096434+00,2019-03-14,1873.5
2982,2025-12-10 04:43:37.571484+00,2019-03-15,1868.0
2983,2025-12-10 04:43:39.083764+00,2019-03-18,1879.0
2984,2025-12-10 04:43:40.579096+00,2019-03-19,1907.5
2985,2025-12-10 04:43:42.073079+00,2019-03-20,1923.0
2986,2025-12-10 04:43:43.576552+00,2019-03-21,1891.0
2987,2025-12-10 04:43:45.096455+00,2019-03-22,1867.0
2988,2025-12-10 04:43:46.598228+00,2019-03-25,1856.0
2989,2025-12-10 04:43:48.105815+00,2019-03-26,1849.5
2990,2025-12-10 04:43:49.573677+00,2019-03-27,1898.5
2991,2025-12-10 04:43:51.064931+00,2019-03-28,1896.5
2992,2025-12-10 04:43:52.548377+00,2019-03-29,1900.0
2993,2025-12-10 04:43:55.471931+00,2019-04-01,1888.0
2994,2025-12-10 04:43:56.988607+00,2019-04-02,1858.0
2995,2025-12-10 04:43:58.52293+00,2019-04-03,1865.0
2996,2025-12-10 04:44:00.027037+00,2019-04-04,1872.0
2997,2025-12-10 04:44:01.499089+00,2019-04-05,1864.0
2998,2025-12-10 04:44:02.981567+00,2019-04-08,1858.5
2999,2025-12-10 04:44:04.467818+00,2019-04-09,1851.0
3000,2025-12-10 04:44:05.990132+00,2019-04-10,1852.0
3001,2025-12-10 04:44:07.472589+00,2019-04-11,1847.5
3002,2025-12-10 04:44:08.9823+00,2019-04-12,1843.5
3003,2025-12-10 04:44:10.479938+00,2019-04-15,1843.5
3004,2025-12-10 04:44:11.984898+00,2019-04-16,1839.0
3005,2025-12-10 04:44:13.481184+00,2019-04-17,1840.5
3006,2025-12-10 04:44:14.972155+00,2019-04-18,1839.0
3007,2025-12-10 04:44:16.4757+00,2019-04-23,1855.0
3008,2025-12-10 04:44:17.9601+00,2019-04-24,1854.0
3009,2025-12-10 04:44:19.468048+00,2019-04-25,1852.0
3010,2025-12-10 04:44:20.981653+00,2019-04-26,1832.0
3011,2025-12-10 04:44:22.491962+00,2019-04-29,1816.0
3012,2025-12-10 04:44:23.994663+00,2019-04-30,1809.0
3013,2025-12-10 04:44:25.493249+00,2019-05-01,1775.5
3014,2025-12-10 04:44:26.995167+00,2019-05-02,1800.5
3015,2025-12-10 04:44:28.477006+00,2019-05-03,1783.5
3021,2025-12-10 04:44:38.919487+00,2019-05-07,1767.0
3022,2025-12-10 04:44:40.411938+00,2019-05-08,1761.0
3023,2025-12-10 04:44:41.927248+00,2019-05-09,1766.5
3024,2025-12-10 04:44:43.437826+00,2019-05-10,1765.0
3025,2025-12-10 04:44:44.932001+00,2019-05-13,1765.5
3026,2025-12-10 04:44:46.443735+00,2019-05-14,1792.0
3027,2025-12-10 04:44:47.941183+00,2019-05-15,1802.0
3028,2025-12-10 04:44:49.42168+00,2019-05-16,1832.0
3029,2025-12-10 04:44:50.914425+00,2019-05-17,1805.0
3030,2025-12-10 04:44:52.43102+00,2019-05-20,1786.0
3031,2025-12-10 04:44:53.921476+00,2019-05-21,1766.0
3032,2025-12-10 04:44:55.42608+00,2019-05-22,1747.0
3033,2025-12-10 04:44:56.92524+00,2019-05-23,1740.0
3034,2025-12-10 04:44:58.448489+00,2019-05-24,1761.5
3035,2025-12-10 04:44:59.927587+00,2019-05-28,1773.0
3036,2025-12-10 04:45:01.384538+00,2019-05-29,1770.0
3037,2025-12-10 04:45:02.853082+00,2019-05-30,1762.0
3038,2025-12-10 04:45:04.318338+00,2019-05-31,1761.0
3039,2025-12-10 04:45:07.153944+00,2019-06-03,1763.5
3040,2025-12-10 04:45:08.683541+00,2019-06-04,1751.5
3041,2025-12-10 04:45:10.16565+00,2019-06-05,1766.0
3042,2025-12-10 04:45:11.661387+00,2019-06-06,1742.5
3043,2025-12-10 04:45:13.142428+00,2019-06-07,1733.0
3044,2025-12-10 04:45:14.616759+00,2019-06-10,1720.5
3045,2025-12-10 04:45:16.124237+00,2019-06-11,1754.5
3046,2025-12-10 04:45:17.615264+00,2019-06-12,1753.5
3047,2025-12-10 04:45:19.114489+00,2019-06-13,1756.0
3048,2025-12-10 04:45:20.615731+00,2019-06-14,1737.5
3049,2025-12-10 04:45:22.109256+00,2019-06-17,1719.5
3050,2025-12-10 04:45:23.615067+00,2019-06-18,1733.0
3051,2025-12-10 04:45:25.110315+00,2019-06-19,1746.5
3052,2025-12-10 04:45:26.580809+00,2019-06-20,1778.0
3053,2025-12-10 04:45:28.063267+00,2019-06-21,1743.5
3054,2025-12-10 04:45:29.537726+00,2019-06-24,1747.5
3055,2025-12-10 04:45:31.014798+00,2019-06-25,1776.5
3056,2025-12-10 04:45:32.500507+00,2019-06-26,1803.0
3057,2025-12-10 04:45:34.003183+00,2019-06-27,1782.0
3058,2025-12-10 04:45:35.472275+00,2019-06-28,1773.5
3059,2025-12-10 04:45:38.35205+00,2019-07-01,1778.0
3060,2025-12-10 04:45:39.817243+00,2019-07-02,1755.5
3061,2025-12-10 04:45:41.276757+00,2019-07-03,1754.5
3062,2025-12-10 04:45:42.745557+00,2019-07-04,1771.5
3063,2025-12-10 04:45:44.230232+00,2019-07-05,1779.5
3064,2025-12-10 04:45:45.704169+00,2019-07-08,1783.0
3065,2025-12-10 04:45:47.187538+00,2019-07-09,1783.0
3066,2025-12-10 04:45:48.659839+00,2019-07-10,1811.5
3067,2025-12-10 04:45:50.162557+00,2019-07-11,1807.0
3068,2025-12-10 04:45:51.657213+00,2019-07-12,1799.5
3069,2025-12-10 04:45:53.142664+00,2019-07-15,1810.0
3070,2025-12-10 04:45:54.634251+00,2019-07-16,1818.0
3071,2025-12-10 04:45:56.119399+00,2019-07-17,1819.0
3072,2025-12-10 04:45:57.627111+00,2019-07-18,1827.5
3073,2025-12-10 04:45:59.154382+00,2019-07-19,1833.0
3074,2025-12-10 04:46:00.639707+00,2019-07-22,1808.0
3075,2025-12-10 04:46:02.13658+00,2019-07-23,1795.0
3076,2025-12-10 04:46:03.637957+00,2019-07-24,1795.5
3077,2025-12-10 04:46:05.147777+00,2019-07-25,1795.5
3078,2025-12-10 04:46:06.655421+00,2019-07-26,1778.0
3079,2025-12-10 04:46:08.129296+00,2019-07-29,1774.5
3080,2025-12-10 04:46:09.640047+00,2019-07-30,1781.5
3081,2025-12-10 04:46:11.146077+00,2019-07-31,1776.5
3082,2025-12-10 04:46:12.648792+00,2019-08-01,1757.0
3083,2025-12-10 04:46:14.122392+00,2019-08-02,1749.0
3089,2025-12-10 04:46:24.474686+00,2019-08-05,1739.5
3090,2025-12-10 04:46:25.971101+00,2019-08-06,1740.5
3091,2025-12-10 04:46:27.477312+00,2019-08-07,1728.0
3092,2025-12-10 04:46:28.95647+00,2019-08-08,1737.5
3093,2025-12-10 04:46:30.445803+00,2019-08-09,1746.0
3094,2025-12-10 04:46:31.934844+00,2019-08-12,1743.0
3095,2025-12-10 04:46:33.415422+00,2019-08-13,1731.0
3096,2025-12-10 04:46:34.92139+00,2019-08-14,1741.0
3097,2025-12-10 04:46:36.430151+00,2019-08-15,1742.5
3098,2025-12-10 04:46:37.928874+00,2019-08-16,1755.5
3099,2025-12-10 04:46:39.404725+00,2019-08-19,1762.5
3100,2025-12-10 04:46:40.926671+00,2019-08-20,1756.5
3101,2025-12-10 04:46:42.441477+00,2019-08-21,1751.0
3102,2025-12-10 04:46:43.932173+00,2019-08-22,1739.0
3103,2025-12-10 04:46:45.414028+00,2019-08-23,1746.0
3104,2025-12-10 04:46:46.918732+00,2019-08-27,1744.0
3105,2025-12-10 04:46:48.403967+00,2019-08-28,1724.0
3106,2025-12-10 04:46:49.899109+00,2019-08-29,1713.5
3107,2025-12-10 04:46:51.403423+00,2019-08-30,1712.5
3108,2025-12-10 04:46:54.348044+00,2019-09-02,1716.5
3109,2025-12-10 04:46:55.839964+00,2019-09-03,1714.5
3110,2025-12-10 04:46:57.325771+00,2019-09-04,1734.5
3111,2025-12-10 04:46:58.809084+00,2019-09-05,1754.5
3112,2025-12-10 04:47:00.316792+00,2019-09-06,1761.5
3113,2025-12-10 04:47:01.795394+00,2019-09-09,1769.0
3114,2025-12-10 04:47:03.275295+00,2019-09-10,1776.0
3115,2025-12-10 04:47:04.781389+00,2019-09-11,1792.5
3116,2025-12-10 04:47:06.27845+00,2019-09-12,1774.0
3117,2025-12-10 04:47:07.769588+00,2019-09-13,1768.0
3118,2025-12-10 04:47:09.272923+00,2019-09-16,1770.5
3119,2025-12-10 04:47:10.766423+00,2019-09-17,1746.5
3120,2025-12-10 04:47:12.273468+00,2019-09-18,1751.0
3121,2025-12-10 04:47:13.754117+00,2019-09-19,1762.5
3122,2025-12-10 04:47:15.233641+00,2019-09-20,1766.0
3123,2025-12-10 04:47:16.728346+00,2019-09-23,1756.0
3124,2025-12-10 04:47:18.211622+00,2019-09-24,1751.5
3125,2025-12-10 04:47:19.671831+00,2019-09-25,1736.0
3126,2025-12-10 04:47:21.156328+00,2019-09-26,1724.0
3127,2025-12-10 04:47:22.6506+00,2019-09-27,1713.0
3128,2025-12-10 04:47:24.146782+00,2019-09-30,1703.5
3129,2025-12-10 04:47:25.617305+00,2019-10-01,1705.5
3130,2025-12-10 04:47:27.094638+00,2019-10-02,1697.0
3131,2025-12-10 04:47:28.581621+00,2019-10-03,1697.0
3132,2025-12-10 04:47:30.05989+00,2019-10-04,1701.5
3138,2025-12-10 04:47:40.376621+00,2019-10-07,1713.0
3139,2025-12-10 04:47:41.867332+00,2019-10-08,1732.0
3140,2025-12-10 04:47:43.353934+00,2019-10-09,1729.0
3141,2025-12-10 04:47:44.836068+00,2019-10-10,1738.0
3142,2025-12-10 04:47:46.345377+00,2019-10-11,1721.0
3143,2025-12-10 04:47:47.841882+00,2019-10-14,1704.5
3144,2025-12-10 04:47:49.346271+00,2019-10-15,1702.0
3145,2025-12-10 04:47:50.857655+00,2019-10-16,1703.5
3146,2025-12-10 04:47:52.320264+00,2019-10-17,1726.0
3147,2025-12-10 04:47:53.806592+00,2019-10-18,1729.0
3148,2025-12-10 04:47:55.277745+00,2019-10-21,1735.5
3149,2025-12-10 04:47:56.747959+00,2019-10-22,1707.5
3150,2025-12-10 04:47:58.262622+00,2019-10-23,1712.0
3151,2025-12-10 04:47:59.780247+00,2019-10-24,1715.0
3152,2025-12-10 04:48:01.285526+00,2019-10-25,1710.5
3153,2025-12-10 04:48:02.765026+00,2019-10-28,1727.0
3154,2025-12-10 04:48:04.247425+00,2019-10-29,1737.5
3155,2025-12-10 04:48:05.735676+00,2019-10-30,1746.5
3156,2025-12-10 04:48:07.229865+00,2019-10-31,1742.5
3157,2025-12-10 04:48:08.711753+00,2019-11-01,1766.0
3163,2025-12-10 04:48:18.995426+00,2019-11-04,1787.0
3164,2025-12-10 04:48:20.466816+00,2019-11-05,1813.5
3165,2025-12-10 04:48:21.9566+00,2019-11-06,1817.5
3166,2025-12-10 04:48:23.45811+00,2019-11-07,1817.5
3167,2025-12-10 04:48:24.913204+00,2019-11-08,1827.5
3168,2025-12-10 04:48:26.381786+00,2019-11-11,1805.0
3169,2025-12-10 04:48:27.870817+00,2019-11-12,1765.5
3170,2025-12-10 04:48:29.360426+00,2019-11-13,1768.0
3171,2025-12-10 04:48:30.83644+00,2019-11-14,1756.0
3172,2025-12-10 04:48:32.318378+00,2019-11-15,1741.0
3173,2025-12-10 04:48:33.797066+00,2019-11-18,1744.0
3174,2025-12-10 04:48:35.2864+00,2019-11-19,1734.5
3175,2025-12-10 04:48:36.772586+00,2019-11-20,1748.0
3176,2025-12-10 04:48:38.245107+00,2019-11-21,1753.0
3177,2025-12-10 04:48:39.71296+00,2019-11-22,1750.0
3178,2025-12-10 04:48:41.171947+00,2019-11-25,1753.0
3179,2025-12-10 04:48:42.659009+00,2019-11-26,1750.5
3180,2025-12-10 04:48:44.156588+00,2019-11-27,1770.5
3181,2025-12-10 04:48:45.644304+00,2019-11-28,1765.0
3182,2025-12-10 04:48:47.150225+00,2019-11-29,1785.5
3183,2025-12-10 04:48:50.151952+00,2020-12-30,1791.0
3184,2025-12-10 04:48:51.645509+00,2020-12-31,1800.0
3185,2025-12-10 04:48:53.138069+00,2020-01-02,1772.0
3186,2025-12-10 04:48:54.643825+00,2020-01-03,1758.0
3187,2025-12-10 04:48:56.151813+00,2020-01-06,1791.0
3188,2025-12-10 04:48:57.655484+00,2020-01-07,1794.0
3189,2025-12-10 04:48:59.17129+00,2020-01-08,1771.5
3190,2025-12-10 04:49:00.644396+00,2020-01-09,1771.0
3191,2025-12-10 04:49:02.127694+00,2020-01-10,1771.5
3192,2025-12-10 04:49:03.631615+00,2020-01-13,1766.5
3193,2025-12-10 04:49:05.109838+00,2020-01-14,1767.5
3194,2025-12-10 04:49:06.585764+00,2020-01-15,1778.5
3195,2025-12-10 04:49:08.058694+00,2020-01-16,1794.0
3196,2025-12-10 04:49:09.536697+00,2020-01-17,1796.0
3197,2025-12-10 04:49:11.036316+00,2020-01-20,1807.0
3198,2025-12-10 04:49:12.54543+00,2020-01-21,1810.5
3199,2025-12-10 04:49:14.033321+00,2020-01-22,1807.5
3200,2025-12-10 04:49:15.519207+00,2020-01-23,1781.5
3201,2025-12-10 04:49:16.999191+00,2020-01-24,1775.5
3202,2025-12-10 04:49:18.495096+00,2020-01-27,1755.5
3203,2025-12-10 04:49:19.97954+00,2020-01-28,1744.5
3204,2025-12-10 04:49:21.474628+00,2020-01-29,1732.5
3205,2025-12-10 04:49:22.978174+00,2020-01-30,1722.5
3206,2025-12-10 04:49:24.46259+00,2020-01-31,1709.5
3207,2025-12-10 04:49:27.281135+00,2020-02-03,1694.5
3208,2025-12-10 04:49:28.765215+00,2020-02-04,1687.0
3209,2025-12-10 04:49:30.23162+00,2020-02-05,1688.0
3210,2025-12-10 04:49:31.719176+00,2020-02-06,1698.0
3211,2025-12-10 04:49:33.185301+00,2020-02-07,1693.5
3212,2025-12-10 04:49:34.672443+00,2020-02-10,1676.0
3213,2025-12-10 04:49:36.166299+00,2020-02-11,1689.5
3214,2025-12-10 04:49:37.674959+00,2020-02-12,1707.0
3215,2025-12-10 04:49:39.171159+00,2020-02-13,1701.5
3216,2025-12-10 04:49:40.67298+00,2020-02-14,1704.5
3217,2025-12-10 04:49:42.157903+00,2020-02-17,1678.5
3218,2025-12-10 04:49:43.649274+00,2020-02-18,1681.0
3219,2025-12-10 04:49:45.128732+00,2020-02-19,1686.0
3220,2025-12-10 04:49:46.604872+00,2020-02-20,1687.0
3221,2025-12-10 04:49:48.103554+00,2020-02-21,1677.0
3222,2025-12-10 04:49:49.590646+00,2020-02-24,1672.5
3223,2025-12-10 04:49:51.099311+00,2020-02-25,1685.0
3224,2025-12-10 04:49:52.603472+00,2020-02-26,1676.5
3225,2025-12-10 04:49:54.085886+00,2020-02-27,1671.0
3226,2025-12-10 04:49:55.576102+00,2020-02-28,1663.0
3227,2025-12-10 04:49:58.464012+00,2020-03-02,1684.5
3228,2025-12-10 04:49:59.974919+00,2020-03-03,1706.0
3229,2025-12-10 04:50:01.477374+00,2020-03-04,1723.5
3230,2025-12-10 04:50:02.960906+00,2020-03-05,1715.0
3231,2025-12-10 04:50:04.474552+00,2020-03-06,1687.0
3232,2025-12-10 04:50:05.983419+00,2020-03-09,1643.5
3233,2025-12-10 04:50:07.522981+00,2020-03-10,1689.0
3234,2025-12-10 04:50:09.020843+00,2020-03-11,1670.5
3235,2025-12-10 04:50:10.503457+00,2020-03-12,1643.0
3236,2025-12-10 04:50:12.001171+00,2020-03-13,1677.0
3237,2025-12-10 04:50:13.516219+00,2020-03-16,1640.5
3238,2025-12-10 04:50:15.030685+00,2020-03-17,1628.0
3239,2025-12-10 04:50:16.519829+00,2020-03-18,1602.5
3240,2025-12-10 04:50:18.006477+00,2020-03-19,1581.0
3241,2025-12-10 04:50:19.507185+00,2020-03-20,1580.5
3242,2025-12-10 04:50:21.00061+00,2020-03-23,1536.0
3243,2025-12-10 04:50:22.505041+00,2020-03-24,1532.5
3244,2025-12-10 04:50:24.011384+00,2020-03-25,1507.5
3245,2025-12-10 04:50:25.502099+00,2020-03-26,1507.5
3246,2025-12-10 04:50:26.97677+00,2020-03-27,1506.0
3247,2025-12-10 04:50:28.441645+00,2020-03-30,1495.0
3248,2025-12-10 04:50:29.930431+00,2020-03-31,1489.0
3249,2025-12-10 04:50:31.434415+00,2020-04-01,1463.5
3250,2025-12-10 04:50:32.949895+00,2020-04-02,1448.5
3251,2025-12-10 04:50:34.426379+00,2020-04-03,1452.0
3257,2025-12-10 04:50:44.767091+00,2020-04-06,1424.5
3258,2025-12-10 04:50:46.288559+00,2020-04-07,1455.5
3259,2025-12-10 04:50:47.764921+00,2020-04-08,1421.5
3260,2025-12-10 04:50:49.256311+00,2020-04-09,1428.5
3261,2025-12-10 04:50:50.759525+00,2020-04-14,1456.0
3262,2025-12-10 04:50:52.258183+00,2020-04-15,1469.5
3263,2025-12-10 04:50:53.739118+00,2020-04-16,1476.0
3264,2025-12-10 04:50:55.251807+00,2020-04-17,1482.5
3265,2025-12-10 04:50:56.745385+00,2020-04-20,1451.5
3266,2025-12-10 04:50:58.25292+00,2020-04-21,1443.5
3267,2025-12-10 04:50:59.794444+00,2020-04-22,1461.5
3268,2025-12-10 04:51:01.268378+00,2020-04-23,1473.5
3269,2025-12-10 04:51:02.755226+00,2020-04-24,1473.0
3270,2025-12-10 04:51:04.241331+00,2020-04-27,1472.5
3271,2025-12-10 04:51:05.763015+00,2020-04-28,1465.0
3272,2025-12-10 04:51:07.254812+00,2020-04-29,1464.0
3273,2025-12-10 04:51:08.735267+00,2020-04-30,1460.5
3274,2025-12-10 04:51:10.232804+00,2020-05-01,1440.0
3280,2025-12-10 04:51:20.635155+00,2020-05-04,1437.0
3281,2025-12-10 04:51:22.135309+00,2020-05-05,1438.5
3282,2025-12-10 04:51:23.641536+00,2020-05-06,1443.0
3283,2025-12-10 04:51:25.139142+00,2020-05-07,1450.0
3284,2025-12-10 04:51:26.60501+00,2020-05-11,1454.5
3285,2025-12-10 04:51:28.090728+00,2020-05-12,1443.0
3286,2025-12-10 04:51:29.594954+00,2020-05-13,1439.0
3287,2025-12-10 04:51:31.084423+00,2020-05-14,1433.5
3288,2025-12-10 04:51:32.58618+00,2020-05-15,1432.5
3289,2025-12-10 04:51:34.081614+00,2020-05-18,1441.5
3290,2025-12-10 04:51:35.59441+00,2020-05-19,1464.0
3291,2025-12-10 04:51:37.092507+00,2020-05-20,1454.0
3292,2025-12-10 04:51:38.579956+00,2020-05-21,1487.0
3293,2025-12-10 04:51:40.078885+00,2020-05-22,1473.0
3294,2025-12-10 04:51:41.584611+00,2020-05-26,1486.0
3295,2025-12-10 04:51:43.080165+00,2020-05-27,1504.0
3296,2025-12-10 04:51:44.576981+00,2020-05-28,1500.5
3297,2025-12-10 04:51:46.081393+00,2020-05-29,1515.0
3298,2025-12-10 04:51:49.067878+00,2020-06-01,1511.5
3299,2025-12-10 04:51:50.570819+00,2020-06-02,1499.5
3300,2025-12-10 04:51:52.064318+00,2020-06-03,1526.0
3301,2025-12-10 04:51:53.560119+00,2020-06-04,1535.0
3302,2025-12-10 04:51:55.043948+00,2020-06-05,1553.5
3303,2025-12-10 04:51:56.519327+00,2020-06-08,1569.5
3304,2025-12-10 04:51:57.998264+00,2020-06-09,1565.5
3305,2025-12-10 04:51:59.464597+00,2020-06-10,1613.5
3306,2025-12-10 04:52:01.019569+00,2020-06-11,1582.0
3307,2025-12-10 04:52:02.527737+00,2020-06-12,1560.0
3308,2025-12-10 04:52:04.028694+00,2020-06-15,1546.0
3309,2025-12-10 04:52:05.532271+00,2020-06-16,1573.5
3310,2025-12-10 04:52:07.041628+00,2020-06-17,1577.5
3311,2025-12-10 04:52:08.535783+00,2020-06-18,1586.5
3312,2025-12-10 04:52:10.027646+00,2020-06-19,1578.0
3313,2025-12-10 04:52:11.544069+00,2020-06-22,1573.0
3314,2025-12-10 04:52:13.03437+00,2020-06-23,1577.5
3315,2025-12-10 04:52:14.528064+00,2020-06-24,1564.0
3316,2025-12-10 04:52:16.042731+00,2020-06-25,1543.5
3317,2025-12-10 04:52:17.522531+00,2020-06-26,1582.0
3318,2025-12-10 04:52:19.016394+00,2020-06-29,1589.0
3319,2025-12-10 04:52:20.530293+00,2020-06-30,1602.0
3320,2025-12-10 04:52:22.039597+00,2020-07-01,1593.5
3321,2025-12-10 04:52:23.532462+00,2020-07-02,1601.5
3322,2025-12-10 04:52:25.045684+00,2020-07-03,1581.5
3328,2025-12-10 04:52:35.514431+00,2020-07-06,1593.0
3329,2025-12-10 04:52:37.057015+00,2020-07-07,1596.5
3330,2025-12-10 04:52:38.571745+00,2020-07-08,1619.0
3331,2025-12-10 04:52:40.073001+00,2020-07-09,1659.5
3332,2025-12-10 04:52:41.587254+00,2020-07-10,1639.5
3333,2025-12-10 04:52:43.082734+00,2020-07-13,1664.5
3334,2025-12-10 04:52:44.580263+00,2020-07-14,1640.0
3335,2025-12-10 04:52:46.061372+00,2020-07-15,1651.0
3336,2025-12-10 04:52:47.520527+00,2020-07-16,1627.0
3337,2025-12-10 04:52:49.008245+00,2020-07-17,1618.0
3338,2025-12-10 04:52:50.493379+00,2020-07-20,1621.0
3339,2025-12-10 04:52:51.988077+00,2020-07-21,1646.5
3340,2025-12-10 04:52:53.496481+00,2020-07-22,1651.0
3341,2025-12-10 04:52:54.984628+00,2020-07-23,1661.0
3342,2025-12-10 04:52:56.463539+00,2020-07-24,1654.5
3343,2025-12-10 04:52:57.953852+00,2020-07-27,1661.5
3344,2025-12-10 04:52:59.457991+00,2020-07-28,1671.0
3345,2025-12-10 04:53:00.965862+00,2020-07-29,1687.0
3346,2025-12-10 04:53:02.461142+00,2020-07-30,1681.5
3347,2025-12-10 04:53:03.950653+00,2020-07-31,1685.5
3348,2025-12-10 04:53:06.927931+00,2020-08-03,1679.5
3349,2025-12-10 04:53:08.425524+00,2020-08-04,1709.5
3350,2025-12-10 04:53:09.920895+00,2020-08-05,1739.0
3351,2025-12-10 04:53:11.44406+00,2020-08-06,1722.0
3352,2025-12-10 04:53:12.941978+00,2020-08-07,1744.0
3353,2025-12-10 04:53:14.406713+00,2020-08-10,1730.0
3354,2025-12-10 04:53:15.885657+00,2020-08-11,1749.5
3355,2025-12-10 04:53:17.368492+00,2020-08-12,1754.0
3356,2025-12-10 04:53:18.852435+00,2020-08-13,1738.0
3357,2025-12-10 04:53:20.33641+00,2020-08-14,1730.0
3358,2025-12-10 04:53:21.810396+00,2020-08-17,1719.5
3359,2025-12-10 04:53:23.306982+00,2020-08-18,1733.0
3360,2025-12-10 04:53:24.802859+00,2020-08-19,1746.5
3361,2025-12-10 04:53:26.294725+00,2020-08-20,1755.5
3362,2025-12-10 04:53:27.777696+00,2020-08-21,1722.5
3363,2025-12-10 04:53:29.256183+00,2020-08-24,1735.5
3364,2025-12-10 04:53:30.734259+00,2020-08-25,1733.0
3365,2025-12-10 04:53:32.228796+00,2020-08-26,1737.0
3366,2025-12-10 04:53:33.698286+00,2020-08-27,1738.0
3367,2025-12-10 04:53:35.182036+00,2020-08-28,1762.0
3368,2025-12-10 04:53:36.67173+00,2020-09-01,1781.5
3369,2025-12-10 04:53:38.151968+00,2020-09-02,1778.5
3370,2025-12-10 04:53:39.641876+00,2020-09-03,1743.5
3371,2025-12-10 04:53:41.150955+00,2020-09-04,1753.0
3376,2025-12-10 04:53:49.957064+00,2020-09-07,1763.0
3377,2025-12-10 04:53:51.435087+00,2020-09-08,1744.0
3378,2025-12-10 04:53:52.935197+00,2020-09-09,1740.0
3379,2025-12-10 04:53:54.409021+00,2020-09-10,1743.5
3380,2025-12-10 04:53:55.873721+00,2020-09-11,1746.5
3381,2025-12-10 04:53:57.381781+00,2020-09-14,1749.0
3382,2025-12-10 04:53:58.866275+00,2020-09-15,1767.0
3383,2025-12-10 04:54:00.363319+00,2020-09-16,1759.0
3384,2025-12-10 04:54:01.896276+00,2020-09-17,1743.5
3385,2025-12-10 04:54:03.388335+00,2020-09-18,1745.0
3386,2025-12-10 04:54:04.871138+00,2020-09-21,1752.5
3387,2025-12-10 04:54:06.363945+00,2020-09-22,1744.0
3388,2025-12-10 04:54:07.846526+00,2020-09-23,1718.5
3389,2025-12-10 04:54:09.344706+00,2020-09-24,1697.0
3390,2025-12-10 04:54:10.865648+00,2020-09-25,1708.5
3391,2025-12-10 04:54:12.354436+00,2020-09-28,1737.0
3392,2025-12-10 04:54:13.835862+00,2020-09-29,1746.0
3393,2025-12-10 04:54:15.325614+00,2020-09-30,1737.0
3394,2025-12-10 04:54:16.823763+00,2020-10-01,1716.0
3395,2025-12-10 04:54:18.307276+00,2020-10-02,1705.0
3401,2025-12-10 04:54:28.63789+00,2020-10-05,1741.5
3402,2025-12-10 04:54:30.118132+00,2020-10-06,1755.0
3403,2025-12-10 04:54:31.587619+00,2020-10-07,1745.5
3404,2025-12-10 04:54:33.052661+00,2020-10-08,1786.0
3405,2025-12-10 04:54:34.521424+00,2020-10-09,1805.5
3406,2025-12-10 04:54:36.009266+00,2020-10-12,1829.5
3407,2025-12-10 04:54:37.48614+00,2020-10-13,1841.0
3408,2025-12-10 04:54:38.966493+00,2020-10-14,1836.0
3409,2025-12-10 04:54:40.463724+00,2020-10-15,1824.0
3410,2025-12-10 04:54:41.947178+00,2020-10-16,1865.5
3411,2025-12-10 04:54:43.449834+00,2020-10-19,1848.0
3412,2025-12-10 04:54:44.934777+00,2020-10-20,1826.0
3413,2025-12-10 04:54:46.426703+00,2020-10-21,1842.5
3414,2025-12-10 04:54:47.901971+00,2020-10-22,1828.0
3415,2025-12-10 04:54:49.380945+00,2020-10-23,1829.0
3416,2025-12-10 04:54:50.875334+00,2020-10-26,1822.5
3417,2025-12-10 04:54:52.379093+00,2020-10-27,1808.0
3418,2025-12-10 04:54:53.851074+00,2020-10-28,1801.0
3419,2025-12-10 04:54:55.330618+00,2020-10-29,1786.0
3420,2025-12-10 04:54:56.810758+00,2020-10-30,1820.5
3421,2025-12-10 04:54:59.751777+00,2020-11-02,1834.5
3422,2025-12-10 04:55:01.22065+00,2020-11-03,1891.0
3423,2025-12-10 04:55:02.733422+00,2020-11-04,1877.0
3424,2025-12-10 04:55:04.205384+00,2020-11-05,1885.5
3425,2025-12-10 04:55:05.698332+00,2020-11-06,1891.5
3426,2025-12-10 04:55:07.205592+00,2020-11-09,1913.0
3427,2025-12-10 04:55:08.695013+00,2020-11-10,1880.0
3428,2025-12-10 04:55:10.207164+00,2020-11-11,1905.0
3429,2025-12-10 04:55:11.719231+00,2020-11-12,1904.5
3430,2025-12-10 04:55:13.239868+00,2020-11-13,1918.0
3431,2025-12-10 04:55:14.731695+00,2020-11-16,1933.0
3432,2025-12-10 04:55:16.202579+00,2020-11-17,1944.5
3433,2025-12-10 04:55:17.700808+00,2020-11-18,1978.0
3434,2025-12-10 04:55:19.192329+00,2020-11-19,1983.0
3435,2025-12-10 04:55:20.664637+00,2020-11-20,1984.0
3436,2025-12-10 04:55:22.131815+00,2020-11-23,1969.5
3437,2025-12-10 04:55:23.612078+00,2020-11-24,1964.5
3438,2025-12-10 04:55:25.091097+00,2020-11-25,1967.0
3439,2025-12-10 04:55:26.57119+00,2020-11-26,1961.5
3440,2025-12-10 04:55:28.084335+00,2020-11-27,1975.0
3441,2025-12-10 04:55:29.5665+00,2020-11-30,2014.5
3442,2025-12-10 04:55:31.023574+00,2020-12-01,2045.5
3443,2025-12-10 04:55:32.503767+00,2020-12-02,2051.5
3444,2025-12-10 04:55:33.982731+00,2020-12-03,2028.0
3445,2025-12-10 04:55:35.436798+00,2020-12-04,2027.5
3446,2025-12-10 04:55:38.242459+00,2021-12-29,2000.0
3447,2025-12-10 04:55:39.706578+00,2021-12-30,1995.5
3448,2025-12-10 04:55:41.1861+00,2021-12-31,1978.0
3449,2025-12-10 04:55:42.690494+00,2021-01-04,2013.5
3450,2025-12-10 04:55:44.171551+00,2021-01-05,2027.5
3451,2025-12-10 04:55:45.647763+00,2021-01-06,2062.5
3452,2025-12-10 04:55:47.127933+00,2021-01-07,2008.0
3453,2025-12-10 04:55:48.620327+00,2021-01-08,2029.5
3454,2025-12-10 04:55:50.107232+00,2021-01-11,2008.0
3455,2025-12-10 04:55:51.611708+00,2021-01-12,2025.5
3456,2025-12-10 04:55:53.086545+00,2021-01-13,2009.5
3457,2025-12-10 04:55:54.585697+00,2021-01-14,2010.5
3458,2025-12-10 04:55:56.078798+00,2021-01-15,2000.5
3459,2025-12-10 04:55:57.571503+00,2021-01-18,1979.5
3460,2025-12-10 04:55:59.052392+00,2021-01-19,1951.5
3461,2025-12-10 04:56:00.537715+00,2021-01-20,1976.0
3462,2025-12-10 04:56:02.020014+00,2021-01-21,1992.5
3463,2025-12-10 04:56:03.540371+00,2021-01-22,1975.5
3464,2025-12-10 04:56:05.044687+00,2021-01-25,2011.5
3465,2025-12-10 04:56:06.550407+00,2021-01-26,2025.0
3466,2025-12-10 04:56:08.048066+00,2021-01-27,2003.5
3467,2025-12-10 04:56:09.5711+00,2021-01-28,1979.0
3468,2025-12-10 04:56:11.067263+00,2021-01-29,1987.0
3469,2025-12-10 04:56:13.909272+00,2021-02-01,1985.5
3470,2025-12-10 04:56:15.413827+00,2021-02-02,1958.0
3471,2025-12-10 04:56:16.896971+00,2021-02-03,1973.0
3472,2025-12-10 04:56:18.375176+00,2021-02-04,1979.5
3473,2025-12-10 04:56:19.876566+00,2021-02-05,2007.5
3474,2025-12-10 04:56:21.380257+00,2021-02-08,2025.5
3475,2025-12-10 04:56:22.869377+00,2021-02-09,2045.5
3476,2025-12-10 04:56:24.362595+00,2021-02-10,2070.5
3477,2025-12-10 04:56:25.86067+00,2021-02-11,2075.5
3478,2025-12-10 04:56:27.347712+00,2021-02-12,2076.0
3479,2025-12-10 04:56:28.843162+00,2021-02-15,2079.0
3480,2025-12-10 04:56:30.325329+00,2021-02-16,2077.0
3481,2025-12-10 04:56:31.819127+00,2021-02-17,2096.5
3482,2025-12-10 04:56:33.32383+00,2021-02-18,2147.0
3483,2025-12-10 04:56:34.840036+00,2021-02-19,2135.0
3484,2025-12-10 04:56:36.338116+00,2021-02-22,2153.5
3485,2025-12-10 04:56:37.840518+00,2021-02-23,2136.5
3486,2025-12-10 04:56:39.351765+00,2021-02-24,2145.5
3487,2025-12-10 04:56:40.860874+00,2021-02-25,2223.0
3488,2025-12-10 04:56:42.343603+00,2021-02-26,2202.5
3489,2025-12-10 04:56:45.248255+00,2021-03-01,2154.5
3490,2025-12-10 04:56:46.753599+00,2021-03-02,2176.0
3491,2025-12-10 04:56:48.253789+00,2021-03-03,2203.0
3492,2025-12-10 04:56:49.757398+00,2021-03-04,2169.0
3493,2025-12-10 04:56:51.240506+00,2021-03-05,2185.0
3494,2025-12-10 04:56:52.742592+00,2021-03-08,2152.5
3495,2025-12-10 04:56:54.242286+00,2021-03-09,2141.0
3496,2025-12-10 04:56:55.744402+00,2021-03-10,2149.5
3497,2025-12-10 04:56:57.259794+00,2021-03-11,2159.0
3498,2025-12-10 04:56:58.792416+00,2021-03-12,2139.0
3499,2025-12-10 04:57:00.323294+00,2021-03-15,2184.5
3500,2025-12-10 04:57:01.836729+00,2021-03-16,2174.5
3501,2025-12-10 04:57:03.373276+00,2021-03-17,2202.5
3502,2025-12-10 04:57:04.86191+00,2021-03-18,2192.0
3503,2025-12-10 04:57:06.348574+00,2021-03-19,2188.0
3504,2025-12-10 04:57:07.829631+00,2021-03-22,2254.0
3505,2025-12-10 04:57:09.314294+00,2021-03-23,2205.0
3506,2025-12-10 04:57:10.803692+00,2021-03-24,2220.5
3507,2025-12-10 04:57:12.285643+00,2021-03-25,2208.0
3508,2025-12-10 04:57:13.75473+00,2021-03-26,2260.5
3509,2025-12-10 04:57:15.246012+00,2021-03-29,2255.5
3510,2025-12-10 04:57:16.721832+00,2021-03-30,2220.5
3511,2025-12-10 04:57:18.210792+00,2021-03-31,2212.5
3512,2025-12-10 04:57:19.719274+00,2021-04-01,2212.5
3517,2025-12-10 04:57:28.612883+00,2021-04-06,2247.0
3518,2025-12-10 04:57:30.137038+00,2021-04-07,2239.5
3519,2025-12-10 04:57:31.658743+00,2021-04-08,2267.5
3520,2025-12-10 04:57:33.147149+00,2021-04-09,2250.0
3521,2025-12-10 04:57:34.617574+00,2021-04-12,2254.0
3522,2025-12-10 04:57:36.093256+00,2021-04-13,2278.0
3523,2025-12-10 04:57:37.596547+00,2021-04-14,2297.5
3524,2025-12-10 04:57:39.110708+00,2021-04-15,2328.0
3525,2025-12-10 04:57:40.613162+00,2021-04-16,2308.5
3526,2025-12-10 04:57:42.135499+00,2021-04-19,2331.0
3527,2025-12-10 04:57:43.634198+00,2021-04-20,2324.0
3528,2025-12-10 04:57:45.140142+00,2021-04-21,2344.0
3529,2025-12-10 04:57:46.634086+00,2021-04-22,2373.5
3530,2025-12-10 04:57:48.152894+00,2021-04-23,2373.5
3531,2025-12-10 04:57:49.641666+00,2021-04-26,2388.0
3532,2025-12-10 04:57:51.127094+00,2021-04-27,2389.0
3533,2025-12-10 04:57:52.613278+00,2021-04-28,2392.5
3534,2025-12-10 04:57:54.100694+00,2021-04-29,2432.0
3535,2025-12-10 04:57:55.618046+00,2021-04-30,2445.0
3536,2025-12-10 04:57:58.565206+00,2021-05-04,2434.5
3537,2025-12-10 04:58:00.062932+00,2021-05-05,2446.0
3538,2025-12-10 04:58:01.552466+00,2021-05-06,2476.5
3539,2025-12-10 04:58:03.035421+00,2021-05-07,2518.5
3540,2025-12-10 04:58:04.53202+00,2021-05-10,2565.0
3541,2025-12-10 04:58:06.025686+00,2021-05-11,2549.5
3542,2025-12-10 04:58:07.501898+00,2021-05-12,2474.0
3543,2025-12-10 04:58:08.979496+00,2021-05-13,2422.5
3544,2025-12-10 04:58:10.47341+00,2021-05-14,2438.0
3545,2025-12-10 04:58:11.942366+00,2021-05-17,2455.0
3546,2025-12-10 04:58:13.402391+00,2021-05-18,2468.0
3547,2025-12-10 04:58:14.882251+00,2021-05-19,2402.5
3548,2025-12-10 04:58:16.380637+00,2021-05-20,2392.0
3549,2025-12-10 04:58:17.863039+00,2021-05-21,2403.0
3550,2025-12-10 04:58:19.699122+00,2021-05-24,2305.0
3551,2025-12-10 04:58:21.200385+00,2021-05-25,2341.0
3552,2025-12-10 04:58:22.671293+00,2021-05-26,2359.5
3553,2025-12-10 04:58:24.14046+00,2021-05-27,2388.0
3554,2025-12-10 04:58:25.609701+00,2021-05-28,2404.5
3555,2025-12-10 04:58:27.099427+00,2021-06-01,2461.5
3556,2025-12-10 04:58:28.589288+00,2021-06-02,2442.0
3557,2025-12-10 04:58:30.069475+00,2021-06-03,2386.5
3558,2025-12-10 04:58:31.567748+00,2021-06-04,2412.5
3563,2025-12-10 04:58:40.542298+00,2021-06-07,2417.5
3564,2025-12-10 04:58:42.008733+00,2021-06-08,2439.0
3565,2025-12-10 04:58:43.505395+00,2021-06-09,2459.0
3566,2025-12-10 04:58:44.974186+00,2021-06-10,2470.0
3567,2025-12-10 04:58:46.467486+00,2021-06-11,2490.0
3568,2025-12-10 04:58:47.960702+00,2021-06-14,2504.0
3569,2025-12-10 04:58:49.462824+00,2021-06-15,2458.5
3570,2025-12-10 04:58:50.947908+00,2021-06-16,2454.5
3571,2025-12-10 04:58:52.437682+00,2021-06-17,2427.5
3572,2025-12-10 04:58:53.921806+00,2021-06-18,2374.0
3573,2025-12-10 04:58:55.381454+00,2021-06-21,2353.5
3574,2025-12-10 04:58:56.859482+00,2021-06-22,2375.5
3575,2025-12-10 04:58:58.354943+00,2021-06-23,2386.5
3576,2025-12-10 04:58:59.827305+00,2021-06-24,2397.5
3577,2025-12-10 04:59:01.313654+00,2021-06-25,2451.0
3578,2025-12-10 04:59:02.837039+00,2021-06-28,2458.0
3579,2025-12-10 04:59:04.342189+00,2021-06-29,2518.5
3580,2025-12-10 04:59:05.841262+00,2021-06-30,2523.0
3581,2025-12-10 04:59:07.323128+00,2021-07-01,2481.0
3582,2025-12-10 04:59:08.787284+00,2021-07-02,2519.5
3588,2025-12-10 04:59:19.139958+00,2021-07-05,2539.5
3589,2025-12-10 04:59:20.624075+00,2021-07-06,2529.5
3590,2025-12-10 04:59:22.114164+00,2021-07-07,2508.5
3591,2025-12-10 04:59:23.579446+00,2021-07-08,2435.0
3592,2025-12-10 04:59:25.061845+00,2021-07-09,2470.0
3593,2025-12-10 04:59:26.525012+00,2021-07-12,2449.0
3594,2025-12-10 04:59:28.019746+00,2021-07-13,2478.0
3595,2025-12-10 04:59:29.506216+00,2021-07-14,2509.0
3596,2025-12-10 04:59:31.003858+00,2021-07-15,2495.0
3597,2025-12-10 04:59:32.501433+00,2021-07-16,2493.0
3598,2025-12-10 04:59:33.967918+00,2021-07-19,2425.0
3599,2025-12-10 04:59:35.445413+00,2021-07-20,2424.5
3600,2025-12-10 04:59:36.926484+00,2021-07-21,2432.0
3601,2025-12-10 04:59:38.404494+00,2021-07-22,2449.0
3602,2025-12-10 04:59:39.885691+00,2021-07-23,2492.0
3603,2025-12-10 04:59:41.35531+00,2021-07-26,2499.5
3604,2025-12-10 04:59:42.823174+00,2021-07-27,2497.5
3605,2025-12-10 04:59:44.307228+00,2021-07-28,2516.0
3606,2025-12-10 04:59:45.797301+00,2021-07-29,2556.5
3607,2025-12-10 04:59:47.277568+00,2021-07-30,2624.0
3608,2025-12-10 04:59:50.251074+00,2021-08-02,2635.0
3609,2025-12-10 04:59:51.753005+00,2021-08-03,2595.5
3610,2025-12-10 04:59:53.236648+00,2021-08-04,2575.5
3611,2025-12-10 04:59:54.711014+00,2021-08-05,2583.5
3612,2025-12-10 04:59:56.172513+00,2021-08-06,2618.5
3613,2025-12-10 04:59:57.670822+00,2021-08-09,2547.0
3614,2025-12-10 04:59:59.169152+00,2021-08-10,2579.0
3615,2025-12-10 05:00:00.66365+00,2021-08-11,2578.0
3616,2025-12-10 05:00:02.164739+00,2021-08-12,2602.0
3617,2025-12-10 05:00:03.699552+00,2021-08-13,2602.5
3618,2025-12-10 05:00:05.184391+00,2021-08-16,2644.0
3619,2025-12-10 05:00:06.687632+00,2021-08-17,2633.0
3620,2025-12-10 05:00:08.191559+00,2021-08-18,2589.5
3621,2025-12-10 05:00:09.68698+00,2021-08-19,2544.0
3622,2025-12-10 05:00:11.194646+00,2021-08-20,2569.0
3623,2025-12-10 05:00:12.681891+00,2021-08-23,2609.0
3624,2025-12-10 05:00:14.172059+00,2021-08-24,2648.5
3625,2025-12-10 05:00:15.661166+00,2021-08-25,2647.5
3626,2025-12-10 05:00:17.153546+00,2021-08-26,2635.0
3627,2025-12-10 05:00:18.658388+00,2021-08-27,2673.5
3628,2025-12-10 05:00:20.183183+00,2021-08-31,2714.0
3629,2025-12-10 05:00:21.693196+00,2021-09-01,2667.5
3630,2025-12-10 05:00:23.194237+00,2021-09-02,2694.5
3631,2025-12-10 05:00:24.709579+00,2021-09-03,2696.0
3636,2025-12-10 05:00:33.612498+00,2021-09-06,2745.5
3637,2025-12-10 05:00:35.115113+00,2021-09-07,2740.5
3638,2025-12-10 05:00:36.608532+00,2021-09-08,2775.0
3639,2025-12-10 05:00:38.101236+00,2021-09-09,2817.0
3640,2025-12-10 05:00:39.590909+00,2021-09-10,2896.5
3641,2025-12-10 05:00:41.063907+00,2021-09-13,2950.0
3642,2025-12-10 05:00:42.569486+00,2021-09-14,2847.0
3643,2025-12-10 05:00:44.08222+00,2021-09-15,2868.0
3644,2025-12-10 05:00:45.588815+00,2021-09-16,2869.0
3645,2025-12-10 05:00:47.122279+00,2021-09-17,2915.0
3646,2025-12-10 05:00:48.618906+00,2021-09-20,2847.0
3647,2025-12-10 05:00:50.114488+00,2021-09-21,2864.0
3648,2025-12-10 05:00:51.617967+00,2021-09-22,2887.0
3649,2025-12-10 05:00:53.118975+00,2021-09-23,2937.0
3650,2025-12-10 05:00:54.643518+00,2021-09-24,2905.5
3651,2025-12-10 05:00:56.134333+00,2021-09-27,2888.0
3652,2025-12-10 05:00:57.640084+00,2021-09-28,2899.0
3653,2025-12-10 05:00:59.133012+00,2021-09-29,2913.0
3654,2025-12-10 05:01:00.620894+00,2021-09-30,2851.0
3655,2025-12-10 05:01:02.145191+00,2021-10-01,2865.0
3661,2025-12-10 05:01:12.586903+00,2021-10-04,2889.0
3662,2025-12-10 05:01:14.073964+00,2021-10-05,2894.5
3663,2025-12-10 05:01:15.572341+00,2021-10-06,2880.0
3664,2025-12-10 05:01:17.071876+00,2021-10-07,2916.0
3665,2025-12-10 05:01:18.568136+00,2021-10-08,2902.0
3666,2025-12-10 05:01:20.048717+00,2021-10-11,3020.0
3667,2025-12-10 05:01:21.52088+00,2021-10-12,3052.0
3668,2025-12-10 05:01:23.01908+00,2021-10-13,3076.0
3669,2025-12-10 05:01:24.506475+00,2021-10-14,3152.0
3670,2025-12-10 05:01:25.986455+00,2021-10-15,3163.0
3671,2025-12-10 05:01:27.478142+00,2021-10-18,3180.0
3672,2025-12-10 05:01:28.971288+00,2021-10-19,3176.0
3673,2025-12-10 05:01:30.465217+00,2021-10-20,3065.0
3674,2025-12-10 05:01:31.950804+00,2021-10-21,3014.0
3675,2025-12-10 05:01:33.438504+00,2021-10-22,2946.0
3676,2025-12-10 05:01:34.939425+00,2021-10-25,2917.0
3677,2025-12-10 05:01:36.418893+00,2021-10-26,2831.0
3678,2025-12-10 05:01:37.875277+00,2021-10-27,2704.0
3679,2025-12-10 05:01:39.359278+00,2021-10-28,2721.0
3680,2025-12-10 05:01:40.826516+00,2021-10-29,2695.0
3681,2025-12-10 05:01:43.784302+00,2021-11-01,2713.0
3682,2025-12-10 05:01:45.274954+00,2021-11-02,2680.0
3683,2025-12-10 05:01:46.774534+00,2021-11-03,2706.0
3684,2025-12-10 05:01:48.258968+00,2021-11-04,2643.0
3685,2025-12-10 05:01:49.747129+00,2021-11-05,2490.5
3686,2025-12-10 05:01:51.252476+00,2021-11-08,2530.5
3687,2025-12-10 05:01:52.751253+00,2021-11-09,2582.0
3688,2025-12-10 05:01:54.221218+00,2021-11-10,2554.0
3689,2025-12-10 05:01:55.69725+00,2021-11-11,2645.5
3690,2025-12-10 05:01:57.208702+00,2021-11-12,2676.0
3691,2025-12-10 05:01:58.68567+00,2021-11-15,2678.0
3692,2025-12-10 05:02:00.156842+00,2021-11-16,2628.5
3693,2025-12-10 05:02:01.636572+00,2021-11-17,2628.0
3694,2025-12-10 05:02:03.097677+00,2021-11-18,2607.5
3695,2025-12-10 05:02:04.571264+00,2021-11-19,2661.0
3696,2025-12-10 05:02:06.113177+00,2021-11-22,2653.5
3697,2025-12-10 05:02:07.605707+00,2021-11-23,2691.0
3698,2025-12-10 05:02:09.096975+00,2021-11-24,2699.0
3699,2025-12-10 05:02:10.594027+00,2021-11-25,2740.5
3700,2025-12-10 05:02:12.101201+00,2021-11-26,2618.5
3701,2025-12-10 05:02:13.57793+00,2021-11-29,2650.0
3702,2025-12-10 05:02:15.054981+00,2021-11-30,2635.0
3703,2025-12-10 05:02:16.543931+00,2021-12-01,2669.5
3704,2025-12-10 05:02:18.050482+00,2021-12-02,2655.0
3705,2025-12-10 05:02:19.562386+00,2021-12-03,2648.0
3706,2025-12-10 05:02:22.498046+00,2022-01-04,2815.5
3707,2025-12-10 05:02:23.98215+00,2022-01-05,2866.0
3708,2025-12-10 05:02:25.500045+00,2022-01-06,2912.5
3709,2025-12-10 05:02:26.994776+00,2022-01-07,2919.5
3710,2025-12-10 05:02:28.477108+00,2022-01-10,2923.0
3711,2025-12-10 05:02:29.961331+00,2022-01-11,2950.0
3712,2025-12-10 05:02:31.444454+00,2022-01-12,3003.0
3713,2025-12-10 05:02:32.968389+00,2022-01-13,2960.0
3714,2025-12-10 05:02:34.448852+00,2022-01-14,2977.5
3715,2025-12-10 05:02:35.954628+00,2022-01-17,3009.0
3716,2025-12-10 05:02:37.440247+00,2022-01-18,3006.0
3717,2025-12-10 05:02:38.937998+00,2022-01-19,3036.0
3718,2025-12-10 05:02:40.432513+00,2022-01-20,3109.5
3719,2025-12-10 05:02:41.930324+00,2022-01-21,3079.5
3720,2025-12-10 05:02:43.412052+00,2022-01-24,3044.5
3721,2025-12-10 05:02:44.915046+00,2022-01-25,3064.0
3722,2025-12-10 05:02:46.407503+00,2022-01-26,3093.0
3723,2025-12-10 05:02:47.912984+00,2022-01-27,3107.0
3724,2025-12-10 05:02:49.428774+00,2022-01-28,3110.0
3725,2025-12-10 05:02:50.934604+00,2022-01-31,3076.0
3726,2025-12-10 05:02:52.451164+00,2022-02-01,3072.0
3727,2025-12-10 05:02:53.963698+00,2022-02-02,3043.0
3728,2025-12-10 05:02:55.440783+00,2022-02-03,3058.5
3729,2025-12-10 05:02:56.938953+00,2022-02-04,3087.0
3735,2025-12-10 05:03:07.365555+00,2022-02-07,3148.0
3736,2025-12-10 05:03:08.863975+00,2022-02-08,3245.0
3737,2025-12-10 05:03:10.394822+00,2022-02-09,3248.0
3738,2025-12-10 05:03:11.914552+00,2022-02-10,3313.0
3739,2025-12-10 05:03:13.405369+00,2022-02-11,3200.0
3740,2025-12-10 05:03:14.916881+00,2022-02-14,3306.0
3741,2025-12-10 05:03:16.441535+00,2022-02-15,3223.0
3742,2025-12-10 05:03:17.934991+00,2022-02-16,3282.0
3743,2025-12-10 05:03:19.408876+00,2022-02-17,3294.0
3744,2025-12-10 05:03:20.892461+00,2022-02-18,3314.0
3745,2025-12-10 05:03:22.415453+00,2022-02-21,3315.0
3746,2025-12-10 05:03:23.931808+00,2022-02-22,3420.0
3747,2025-12-10 05:03:25.441258+00,2022-02-23,3323.5
3748,2025-12-10 05:03:26.931648+00,2022-02-24,3519.0
3749,2025-12-10 05:03:28.404345+00,2022-02-25,3355.5
3750,2025-12-10 05:03:29.910332+00,2022-02-28,3450.0
3751,2025-12-10 05:03:31.420471+00,2022-03-01,3495.5
3752,2025-12-10 05:03:32.916836+00,2022-03-02,3605.0
3753,2025-12-10 05:03:34.433156+00,2022-03-03,3728.5
3754,2025-12-10 05:03:35.95091+00,2022-03-04,3851.0
3760,2025-12-10 05:03:46.441898+00,2022-03-07,3984.5
3761,2025-12-10 05:03:47.932029+00,2022-03-08,3500.5
3762,2025-12-10 05:03:49.425329+00,2022-03-09,3532.0
3763,2025-12-10 05:03:50.92546+00,2022-03-10,3535.0
3764,2025-12-10 05:03:52.427321+00,2022-03-11,3472.0
3765,2025-12-10 05:03:53.916737+00,2022-03-14,3399.0
3766,2025-12-10 05:03:55.394297+00,2022-03-15,3217.5
3767,2025-12-10 05:03:56.884237+00,2022-03-16,3306.0
3768,2025-12-10 05:03:58.35561+00,2022-03-17,3288.0
3769,2025-12-10 05:03:59.846208+00,2022-03-18,3380.5
3770,2025-12-10 05:04:01.348657+00,2022-03-21,3518.0
3771,2025-12-10 05:04:02.855613+00,2022-03-22,3550.5
3772,2025-12-10 05:04:04.36093+00,2022-03-23,3560.0
3773,2025-12-10 05:04:05.87698+00,2022-03-24,3664.0
3774,2025-12-10 05:04:07.378315+00,2022-03-25,3583.0
3775,2025-12-10 05:04:08.843542+00,2022-03-28,3606.0
3776,2025-12-10 05:04:10.354037+00,2022-03-29,3583.0
3777,2025-12-10 05:04:11.831851+00,2022-03-30,3508.0
3778,2025-12-10 05:04:13.312237+00,2022-03-31,3503.0
3779,2025-12-10 05:04:14.781749+00,2022-04-01,3483.0
3785,2025-12-10 05:04:25.082891+00,2022-04-04,3444.0
3786,2025-12-10 05:04:26.577001+00,2022-04-05,3415.0
3787,2025-12-10 05:04:28.072809+00,2022-04-06,3443.5
3788,2025-12-10 05:04:29.561949+00,2022-04-07,3346.0
3789,2025-12-10 05:04:31.054301+00,2022-04-08,3395.0
3790,2025-12-10 05:04:32.538415+00,2022-04-11,3234.5
3791,2025-12-10 05:04:34.016759+00,2022-04-12,3214.5
3792,2025-12-10 05:04:35.494551+00,2022-04-13,3207.0
3793,2025-12-10 05:04:36.957142+00,2022-04-14,3237.5
3794,2025-12-10 05:04:38.42374+00,2022-04-19,3312.0
3795,2025-12-10 05:04:39.908474+00,2022-04-20,3240.0
3796,2025-12-10 05:04:41.401503+00,2022-04-21,3262.0
3797,2025-12-10 05:04:42.906862+00,2022-04-22,3244.0
3798,2025-12-10 05:04:44.381797+00,2022-04-25,3090.0
3799,2025-12-10 05:04:45.884782+00,2022-04-26,3102.5
3800,2025-12-10 05:04:47.380505+00,2022-04-27,3100.0
3801,2025-12-10 05:04:48.879395+00,2022-04-28,3065.5
3802,2025-12-10 05:04:50.382115+00,2022-04-29,3039.0
3803,2025-12-10 05:04:53.319428+00,2022-05-03,2911.5
3804,2025-12-10 05:04:54.8049+00,2022-05-04,2929.0
3805,2025-12-10 05:04:56.308524+00,2022-05-05,2917.0
3806,2025-12-10 05:04:57.786546+00,2022-05-06,2832.5
3807,2025-12-10 05:04:59.275813+00,2022-05-09,2708.0
3808,2025-12-10 05:05:00.747162+00,2022-05-10,2677.0
3809,2025-12-10 05:05:02.230318+00,2022-05-11,2737.0
3810,2025-12-10 05:05:03.726375+00,2022-05-12,2688.0
3811,2025-12-10 05:05:05.234304+00,2022-05-13,2723.0
3812,2025-12-10 05:05:06.779394+00,2022-05-16,2791.0
3813,2025-12-10 05:05:08.268151+00,2022-05-17,2836.0
3814,2025-12-10 05:05:09.771546+00,2022-05-18,2845.0
3815,2025-12-10 05:05:11.274015+00,2022-05-19,2826.0
3816,2025-12-10 05:05:12.774479+00,2022-05-20,2931.0
3817,2025-12-10 05:05:14.255779+00,2022-05-23,2963.0
3818,2025-12-10 05:05:15.768688+00,2022-05-24,2881.0
3819,2025-12-10 05:05:17.261277+00,2022-05-25,2829.5
3820,2025-12-10 05:05:18.762744+00,2022-05-26,2825.5
3821,2025-12-10 05:05:20.256528+00,2022-05-27,2823.0
3822,2025-12-10 05:05:21.728657+00,2022-05-30,2863.0
3823,2025-12-10 05:05:23.200873+00,2022-05-31,2816.5
3824,2025-12-10 05:05:24.710832+00,2022-06-01,2701.5
3828,2025-12-10 05:05:32.213492+00,2022-06-06,2742.0
3829,2025-12-10 05:05:33.704219+00,2022-06-07,2715.0
3830,2025-12-10 05:05:35.192457+00,2022-06-08,2765.5
3831,2025-12-10 05:05:36.674372+00,2022-06-09,2752.5
3832,2025-12-10 05:05:38.173791+00,2022-06-10,2695.0
3833,2025-12-10 05:05:39.669113+00,2022-06-13,2589.5
3834,2025-12-10 05:05:41.170022+00,2022-06-14,2588.0
3835,2025-12-10 05:05:42.645719+00,2022-06-15,2580.0
3836,2025-12-10 05:05:44.147399+00,2022-06-16,2500.5
3837,2025-12-10 05:05:45.627695+00,2022-06-17,2474.0
3838,2025-12-10 05:05:47.131165+00,2022-06-20,2462.0
3839,2025-12-10 05:05:48.609159+00,2022-06-21,2519.5
3840,2025-12-10 05:05:50.093607+00,2022-06-22,2455.5
3841,2025-12-10 05:05:51.597613+00,2022-06-23,2480.0
3842,2025-12-10 05:05:53.115194+00,2022-06-24,2436.0
3843,2025-12-10 05:05:54.631287+00,2022-06-27,2453.0
3844,2025-12-10 05:05:56.139189+00,2022-06-28,2500.0
3845,2025-12-10 05:05:57.615187+00,2022-06-29,2452.0
3846,2025-12-10 05:05:59.111431+00,2022-06-30,2397.0
3847,2025-12-10 05:06:00.605768+00,2022-07-01,2384.0
3853,2025-12-10 05:06:11.042573+00,2022-07-04,2431.5
3854,2025-12-10 05:06:12.523826+00,2022-07-05,2374.0
3855,2025-12-10 05:06:14.023121+00,2022-07-06,2358.0
3856,2025-12-10 05:06:15.538344+00,2022-07-07,2417.5
3857,2025-12-10 05:06:17.018194+00,2022-07-08,2399.5
3858,2025-12-10 05:06:18.499061+00,2022-07-11,2417.0
3859,2025-12-10 05:06:19.998378+00,2022-07-12,2358.0
3860,2025-12-10 05:06:21.513381+00,2022-07-13,2343.0
3861,2025-12-10 05:06:23.018287+00,2022-07-14,2329.0
3862,2025-12-10 05:06:24.524487+00,2022-07-15,2320.5
3863,2025-12-10 05:06:26.042181+00,2022-07-18,2377.5
3864,2025-12-10 05:06:27.543266+00,2022-07-19,2412.0
3865,2025-12-10 05:06:29.024388+00,2022-07-20,2456.5
3866,2025-12-10 05:06:30.531014+00,2022-07-21,2426.0
3867,2025-12-10 05:06:32.027569+00,2022-07-22,2460.0
3868,2025-12-10 05:06:33.518922+00,2022-07-25,2431.5
3869,2025-12-10 05:06:35.03384+00,2022-07-26,2437.0
3870,2025-12-10 05:06:36.526625+00,2022-07-27,2390.5
3871,2025-12-10 05:06:38.037106+00,2022-07-28,2458.0
3872,2025-12-10 05:06:39.544812+00,2022-07-29,2452.0
3873,2025-12-10 05:06:42.518044+00,2022-08-01,2469.5
3874,2025-12-10 05:06:44.020389+00,2022-08-02,2448.5
3875,2025-12-10 05:06:45.513474+00,2022-08-03,2403.0
3876,2025-12-10 05:06:47.013739+00,2022-08-04,2374.0
3877,2025-12-10 05:06:48.481835+00,2022-08-05,2447.5
3878,2025-12-10 05:06:49.971654+00,2022-08-08,2435.5
3879,2025-12-10 05:06:51.473685+00,2022-08-09,2488.0
3880,2025-12-10 05:06:52.974874+00,2022-08-10,2462.5
3881,2025-12-10 05:06:54.445915+00,2022-08-11,2498.0
3882,2025-12-10 05:06:55.94611+00,2022-08-12,2468.5
3883,2025-12-10 05:06:57.447196+00,2022-08-15,2389.5
3884,2025-12-10 05:06:58.948424+00,2022-08-16,2442.0
3885,2025-12-10 05:07:00.468246+00,2022-08-17,2414.0
3886,2025-12-10 05:07:01.971409+00,2022-08-18,2412.0
3887,2025-12-10 05:07:03.447103+00,2022-08-19,2376.0
3888,2025-12-10 05:07:04.934207+00,2022-08-22,2387.5
3889,2025-12-10 05:07:06.440673+00,2022-08-23,2438.5
3890,2025-12-10 05:07:08.099685+00,2022-08-24,2422.0
3891,2025-12-10 05:07:09.58739+00,2022-08-25,2442.5
3892,2025-12-10 05:07:11.103425+00,2022-08-26,2495.0
3893,2025-12-10 05:07:12.601986+00,2022-08-30,2406.5
3894,2025-12-10 05:07:14.083172+00,2022-08-31,2368.5
3895,2025-12-10 05:07:15.570258+00,2022-09-01,2306.0
3896,2025-12-10 05:07:17.077407+00,2022-09-02,2309.0
3901,2025-12-10 05:07:26.083057+00,2022-09-05,2290.5
3902,2025-12-10 05:07:27.585798+00,2022-09-06,2260.0
3903,2025-12-10 05:07:29.080081+00,2022-09-07,2230.5
3904,2025-12-10 05:07:30.603088+00,2022-09-08,2256.0
3905,2025-12-10 05:07:32.104958+00,2022-09-09,2280.0
3906,2025-12-10 05:07:33.594136+00,2022-09-12,2288.5
3907,2025-12-10 05:07:35.104686+00,2022-09-13,2309.5
3908,2025-12-10 05:07:36.580338+00,2022-09-14,2227.5
3909,2025-12-10 05:07:38.057596+00,2022-09-15,2272.0
3910,2025-12-10 05:07:39.555699+00,2022-09-16,2259.0
3911,2025-12-10 05:07:41.052504+00,2022-09-19,2232.0
3912,2025-12-10 05:07:42.566618+00,2022-09-20,2245.5
3913,2025-12-10 05:07:44.099885+00,2022-09-21,2191.0
3914,2025-12-10 05:07:45.60999+00,2022-09-22,2195.5
3915,2025-12-10 05:07:47.112641+00,2022-09-23,2153.0
3916,2025-12-10 05:07:48.607975+00,2022-09-26,2125.5
3917,2025-12-10 05:07:50.111996+00,2022-09-27,2106.0
3918,2025-12-10 05:07:51.620683+00,2022-09-28,2080.0
3919,2025-12-10 05:07:53.139653+00,2022-09-29,2261.0
3920,2025-12-10 05:07:54.640895+00,2022-09-30,2180.0
3921,2025-12-10 05:07:57.630885+00,2022-10-03,2164.0
3922,2025-12-10 05:07:59.123582+00,2022-10-04,2261.5
3923,2025-12-10 05:08:00.63466+00,2022-10-05,2289.0
3924,2025-12-10 05:08:02.126961+00,2022-10-06,2355.0
3925,2025-12-10 05:08:03.610926+00,2022-10-07,2342.0
3926,2025-12-10 05:08:05.106564+00,2022-10-10,2274.0
3927,2025-12-10 05:08:06.602418+00,2022-10-11,2218.5
3928,2025-12-10 05:08:08.121586+00,2022-10-12,2227.0
3929,2025-12-10 05:08:09.583205+00,2022-10-13,2374.0
3930,2025-12-10 05:08:11.037865+00,2022-10-14,2309.0
3931,2025-12-10 05:08:12.492336+00,2022-10-17,2240.0
3932,2025-12-10 05:08:13.961055+00,2022-10-18,2200.5
3933,2025-12-10 05:08:15.439665+00,2022-10-19,2169.0
3934,2025-12-10 05:08:16.923708+00,2022-10-20,2214.0
3935,2025-12-10 05:08:18.403381+00,2022-10-21,2155.5
3936,2025-12-10 05:08:19.888631+00,2022-10-24,2160.0
3937,2025-12-10 05:08:21.364305+00,2022-10-25,2170.5
3938,2025-12-10 05:08:22.875996+00,2022-10-26,2265.5
3939,2025-12-10 05:08:24.385028+00,2022-10-27,2297.0
3940,2025-12-10 05:08:25.887535+00,2022-10-28,2226.0
3941,2025-12-10 05:08:27.385297+00,2022-10-31,2197.0
3942,2025-12-10 05:08:28.870894+00,2022-11-01,2245.5
3943,2025-12-10 05:08:30.358991+00,2022-11-02,2227.0
3944,2025-12-10 05:08:31.826027+00,2022-11-03,2216.0
3945,2025-12-10 05:08:33.300551+00,2022-11-04,2306.0
3951,2025-12-10 05:08:43.659024+00,2022-11-07,2292.0
3952,2025-12-10 05:08:45.14719+00,2022-11-08,2327.0
3953,2025-12-10 05:08:46.633308+00,2022-11-09,2338.0
3954,2025-12-10 05:08:48.106333+00,2022-11-10,2272.0
3955,2025-12-10 05:08:49.59683+00,2022-11-11,2410.0
3956,2025-12-10 05:08:51.087109+00,2022-11-14,2392.0
3957,2025-12-10 05:08:52.585779+00,2022-11-15,2410.0
3958,2025-12-10 05:08:54.078382+00,2022-11-16,2393.0
3959,2025-12-10 05:08:55.536169+00,2022-11-17,2342.5
3960,2025-12-10 05:08:57.029777+00,2022-11-18,2369.0
3961,2025-12-10 05:08:58.527054+00,2022-11-21,2344.0
3962,2025-12-10 05:09:00.013072+00,2022-11-22,2394.0
3963,2025-12-10 05:09:01.502745+00,2022-11-23,2364.0
3964,2025-12-10 05:09:03.006219+00,2022-11-24,2344.0
3965,2025-12-10 05:09:04.503388+00,2022-11-25,2346.0
3966,2025-12-10 05:09:05.998417+00,2022-11-28,2315.5
3967,2025-12-10 05:09:07.484229+00,2022-11-29,2341.5
3968,2025-12-10 05:09:09.011403+00,2022-11-30,2387.0
3969,2025-12-10 05:09:10.49627+00,2022-12-01,2430.5
3970,2025-12-10 05:09:11.991183+00,2022-12-02,2448.5
3971,2025-12-10 05:09:14.891057+00,2023-01-03,2337.5
3972,2025-12-10 05:09:16.381693+00,2023-01-04,2250.0
3973,2025-12-10 05:09:17.861095+00,2023-01-05,2270.0
3974,2025-12-10 05:09:19.356184+00,2023-01-06,2242.5
3975,2025-12-10 05:09:20.858816+00,2023-01-09,2336.5
3976,2025-12-10 05:09:22.370808+00,2023-01-10,2397.0
3977,2025-12-10 05:09:23.855511+00,2023-01-11,2451.0
3978,2025-12-10 05:09:25.339766+00,2023-01-12,2447.0
3979,2025-12-10 05:09:26.85315+00,2023-01-13,2511.0
3980,2025-12-10 05:09:28.326843+00,2023-01-16,2603.0
3981,2025-12-10 05:09:29.832885+00,2023-01-17,2562.5
3982,2025-12-10 05:09:31.333603+00,2023-01-18,2636.0
3983,2025-12-10 05:09:32.841313+00,2023-01-19,2541.0
3984,2025-12-10 05:09:34.325611+00,2023-01-20,2585.5
3985,2025-12-10 05:09:35.8086+00,2023-01-23,2593.0
3986,2025-12-10 05:09:37.31187+00,2023-01-24,2594.5
3987,2025-12-10 05:09:38.830968+00,2023-01-25,2606.0
3988,2025-12-10 05:09:40.338658+00,2023-01-26,2598.0
3989,2025-12-10 05:09:41.821564+00,2023-01-27,2597.0
3990,2025-12-10 05:09:43.32823+00,2023-01-30,2577.0
3991,2025-12-10 05:09:44.859747+00,2023-01-31,2533.5
3992,2025-12-10 05:09:46.356693+00,2023-02-01,2611.0
3993,2025-12-10 05:09:47.852373+00,2023-02-02,2572.5
3994,2025-12-10 05:09:49.341835+00,2023-02-03,2560.0
4000,2025-12-10 05:09:59.772975+00,2023-02-06,2486.5
4001,2025-12-10 05:10:01.250638+00,2023-02-07,2472.5
4002,2025-12-10 05:10:02.744997+00,2023-02-08,2469.0
4003,2025-12-10 05:10:04.25394+00,2023-02-09,2424.5
4004,2025-12-10 05:10:05.736651+00,2023-02-10,2435.0
4005,2025-12-10 05:10:07.222861+00,2023-02-13,2382.5
4006,2025-12-10 05:10:08.746686+00,2023-02-14,2391.0
4007,2025-12-10 05:10:10.222332+00,2023-02-15,2367.0
4008,2025-12-10 05:10:11.700741+00,2023-02-16,2341.5
4009,2025-12-10 05:10:13.175487+00,2023-02-17,2335.0
4010,2025-12-10 05:10:14.654267+00,2023-02-20,2392.0
4011,2025-12-10 05:10:16.126319+00,2023-02-21,2430.5
4012,2025-12-10 05:10:17.621185+00,2023-02-22,2385.5
4013,2025-12-10 05:10:19.122909+00,2023-02-23,2368.5
4014,2025-12-10 05:10:20.621463+00,2023-02-24,2307.0
4015,2025-12-10 05:10:22.097038+00,2023-02-27,2314.0
4016,2025-12-10 05:10:23.578479+00,2023-02-28,2300.0
4017,2025-12-10 05:10:25.050021+00,2023-03-01,2364.0
4018,2025-12-10 05:10:26.53053+00,2023-03-02,2366.5
4019,2025-12-10 05:10:28.023955+00,2023-03-03,2361.5
4025,2025-12-10 05:10:38.310776+00,2023-03-06,2321.5
4026,2025-12-10 05:10:39.784376+00,2023-03-07,2312.5
4027,2025-12-10 05:10:41.278028+00,2023-03-08,2288.5
4028,2025-12-10 05:10:42.750673+00,2023-03-09,2291.0
4029,2025-12-10 05:10:44.224049+00,2023-03-10,2249.0
4030,2025-12-10 05:10:45.733904+00,2023-03-13,2236.5
4031,2025-12-10 05:10:47.246487+00,2023-03-14,2272.0
4032,2025-12-10 05:10:48.732863+00,2023-03-15,2246.0
4033,2025-12-10 05:10:50.216541+00,2023-03-16,2237.5
4034,2025-12-10 05:10:51.707916+00,2023-03-17,2232.0
4035,2025-12-10 05:10:53.184002+00,2023-03-20,2237.5
4036,2025-12-10 05:10:54.685741+00,2023-03-21,2235.0
4037,2025-12-10 05:10:56.177659+00,2023-03-22,2232.0
4038,2025-12-10 05:10:57.660825+00,2023-03-23,2265.0
4039,2025-12-10 05:10:59.155407+00,2023-03-24,2265.0
4040,2025-12-10 05:11:00.642021+00,2023-03-27,2298.0
4041,2025-12-10 05:11:02.142332+00,2023-03-28,2315.0
4042,2025-12-10 05:11:03.6382+00,2023-03-29,2366.0
4043,2025-12-10 05:11:05.148133+00,2023-03-30,2344.0
4044,2025-12-10 05:11:06.64293+00,2023-03-31,2336.5
4045,2025-12-10 05:11:09.661743+00,2023-04-03,2380.5
4046,2025-12-10 05:11:11.163015+00,2023-04-04,2341.5
4047,2025-12-10 05:11:12.669479+00,2023-04-05,2306.0
4048,2025-12-10 05:11:14.188203+00,2023-04-06,2300.5
4049,2025-12-10 05:11:15.672543+00,2023-04-11,2268.0
4050,2025-12-10 05:11:17.171948+00,2023-04-12,2258.5
4051,2025-12-10 05:11:18.681095+00,2023-04-13,2330.0
4052,2025-12-10 05:11:20.172378+00,2023-04-14,2356.0
4053,2025-12-10 05:11:21.679134+00,2023-04-17,2364.5
4054,2025-12-10 05:11:23.182087+00,2023-04-18,2401.0
4055,2025-12-10 05:11:24.693083+00,2023-04-19,2382.0
4056,2025-12-10 05:11:26.181057+00,2023-04-20,2410.0
4057,2025-12-10 05:11:27.65824+00,2023-04-21,2388.5
4058,2025-12-10 05:11:29.137445+00,2023-04-24,2354.5
4059,2025-12-10 05:11:30.639163+00,2023-04-25,2313.0
4060,2025-12-10 05:11:32.129338+00,2023-04-26,2339.5
4061,2025-12-10 05:11:33.641865+00,2023-04-27,2302.0
4062,2025-12-10 05:11:35.146858+00,2023-04-28,2342.0
4063,2025-12-10 05:11:38.172402+00,2023-05-02,2353.0
4064,2025-12-10 05:11:39.681639+00,2023-05-03,2330.0
4065,2025-12-10 05:11:41.179+00,2023-05-04,2297.0
4066,2025-12-10 05:11:42.686262+00,2023-05-05,2277.5
4067,2025-12-10 05:11:44.187547+00,2023-05-09,2321.0
4068,2025-12-10 05:11:45.709623+00,2023-05-10,2276.0
4069,2025-12-10 05:11:47.217129+00,2023-05-11,2229.0
4070,2025-12-10 05:11:48.731388+00,2023-05-12,2230.5
4071,2025-12-10 05:11:50.238094+00,2023-05-15,2260.5
4072,2025-12-10 05:11:51.734865+00,2023-05-16,2235.5
4073,2025-12-10 05:11:53.235624+00,2023-05-17,2269.0
4074,2025-12-10 05:11:54.755953+00,2023-05-18,2312.0
4075,2025-12-10 05:11:56.239977+00,2023-05-19,2300.0
4076,2025-12-10 05:11:57.724475+00,2023-05-22,2262.0
4077,2025-12-10 05:11:59.252114+00,2023-05-23,2202.0
4078,2025-12-10 05:12:00.771287+00,2023-05-24,2234.0
4079,2025-12-10 05:12:02.276898+00,2023-05-25,2236.0
4080,2025-12-10 05:12:03.75698+00,2023-05-26,2242.0
4081,2025-12-10 05:12:05.252945+00,2023-05-30,2230.0
4082,2025-12-10 05:12:06.753679+00,2023-05-31,2255.0
4083,2025-12-10 05:12:08.268916+00,2023-06-01,2281.0
4084,2025-12-10 05:12:09.78342+00,2023-06-02,2263.5
4089,2025-12-10 05:12:18.53638+00,2023-06-05,2216.0
4090,2025-12-10 05:12:20.027251+00,2023-06-06,2172.0
4091,2025-12-10 05:12:21.495226+00,2023-06-07,2169.0
4092,2025-12-10 05:12:22.987804+00,2023-06-08,2187.5
4093,2025-12-10 05:12:24.49041+00,2023-06-09,2221.0
4094,2025-12-10 05:12:25.988671+00,2023-06-12,2188.0
4095,2025-12-10 05:12:27.47809+00,2023-06-13,2193.5
4096,2025-12-10 05:12:28.965916+00,2023-06-14,2200.0
4097,2025-12-10 05:12:30.478734+00,2023-06-15,2197.0
4098,2025-12-10 05:12:31.99629+00,2023-06-16,2224.5
4099,2025-12-10 05:12:33.481207+00,2023-06-19,2195.0
4100,2025-12-10 05:12:34.940292+00,2023-06-20,2184.5
4101,2025-12-10 05:12:36.423171+00,2023-06-21,2157.0
4102,2025-12-10 05:12:37.900244+00,2023-06-22,2190.5
4103,2025-12-10 05:12:39.39889+00,2023-06-23,2132.5
4104,2025-12-10 05:12:40.897511+00,2023-06-26,2116.0
4105,2025-12-10 05:12:42.386756+00,2023-06-27,2151.5
4106,2025-12-10 05:12:43.88492+00,2023-06-28,2141.5
4107,2025-12-10 05:12:45.403621+00,2023-06-29,2105.5
4108,2025-12-10 05:12:46.899584+00,2023-06-30,2096.5
4109,2025-12-10 05:12:49.804987+00,2023-07-03,2107.0
4110,2025-12-10 05:12:51.273007+00,2023-07-04,2102.5
4111,2025-12-10 05:12:52.75921+00,2023-07-05,2093.0
4112,2025-12-10 05:12:54.250924+00,2023-07-06,2103.5
4113,2025-12-10 05:12:55.741068+00,2023-07-07,2086.0
4114,2025-12-10 05:12:57.199139+00,2023-07-10,2096.0
4115,2025-12-10 05:12:58.706393+00,2023-07-11,2129.0
4116,2025-12-10 05:13:00.207188+00,2023-07-12,2147.5
4117,2025-12-10 05:13:01.713042+00,2023-07-13,2236.0
4118,2025-12-10 05:13:03.189996+00,2023-07-14,2225.0
4119,2025-12-10 05:13:04.661536+00,2023-07-17,2195.0
4120,2025-12-10 05:13:06.139019+00,2023-07-18,2169.5
4121,2025-12-10 05:13:07.608546+00,2023-07-19,2142.0
4122,2025-12-10 05:13:09.102806+00,2023-07-20,2172.0
4123,2025-12-10 05:13:10.609294+00,2023-07-21,2153.5
4124,2025-12-10 05:13:12.095611+00,2023-07-24,2155.0
4125,2025-12-10 05:13:13.580888+00,2023-07-25,2184.0
4126,2025-12-10 05:13:15.073579+00,2023-07-26,2170.5
4127,2025-12-10 05:13:16.55899+00,2023-07-27,2176.0
4128,2025-12-10 05:13:18.067945+00,2023-07-28,2161.5
4129,2025-12-10 05:13:19.571579+00,2023-07-31,2195.5
4130,2025-12-10 05:13:21.076153+00,2023-08-01,2217.0
4131,2025-12-10 05:13:22.572682+00,2023-08-02,2176.5
4132,2025-12-10 05:13:24.079344+00,2023-08-03,2147.0
4133,2025-12-10 05:13:25.574279+00,2023-08-04,2166.0
4139,2025-12-10 05:13:36.124749+00,2023-08-07,2178.0
4140,2025-12-10 05:13:37.618146+00,2023-08-08,2143.0
4141,2025-12-10 05:13:39.077504+00,2023-08-09,2153.0
4142,2025-12-10 05:13:40.536238+00,2023-08-10,2161.5
4143,2025-12-10 05:13:42.036831+00,2023-08-11,2127.0
4144,2025-12-10 05:13:43.55201+00,2023-08-14,2096.0
4145,2025-12-10 05:13:45.054969+00,2023-08-15,2085.5
4146,2025-12-10 05:13:46.550109+00,2023-08-16,2089.0
4147,2025-12-10 05:13:48.048371+00,2023-08-17,2131.0
4148,2025-12-10 05:13:49.570384+00,2023-08-18,2096.0
4149,2025-12-10 05:13:51.08322+00,2023-08-21,2068.5
4150,2025-12-10 05:13:52.572812+00,2023-08-22,2121.5
4151,2025-12-10 05:13:54.081392+00,2023-08-23,2129.0
4152,2025-12-10 05:13:55.580022+00,2023-08-24,2119.5
4153,2025-12-10 05:13:57.057215+00,2023-08-25,2124.0
4154,2025-12-10 05:13:58.538321+00,2023-08-29,2116.5
4155,2025-12-10 05:14:00.025104+00,2023-08-30,2140.5
4156,2025-12-10 05:14:01.523158+00,2023-08-31,2165.5
4157,2025-12-10 05:14:03.022408+00,2023-09-01,2184.0
4162,2025-12-10 05:14:11.957149+00,2023-09-04,2149.5
4163,2025-12-10 05:14:13.474615+00,2023-09-05,2136.5
4164,2025-12-10 05:14:15.023559+00,2023-09-06,2158.0
4165,2025-12-10 05:14:16.510423+00,2023-09-07,2135.0
4166,2025-12-10 05:14:17.993514+00,2023-09-08,2132.5
4167,2025-12-10 05:14:19.517953+00,2023-09-11,2154.0
4168,2025-12-10 05:14:21.023432+00,2023-09-12,2153.0
4169,2025-12-10 05:14:22.515942+00,2023-09-13,2156.5
4170,2025-12-10 05:14:24.03496+00,2023-09-14,2192.5
4171,2025-12-10 05:14:25.554429+00,2023-09-15,2155.5
4172,2025-12-10 05:14:27.046062+00,2023-09-18,2165.0
4173,2025-12-10 05:14:28.568807+00,2023-09-19,2174.5
4174,2025-12-10 05:14:30.084524+00,2023-09-20,2202.0
4175,2025-12-10 05:14:31.58324+00,2023-09-21,2166.5
4176,2025-12-10 05:14:33.098136+00,2023-09-22,2199.5
4177,2025-12-10 05:14:34.627879+00,2023-09-25,2182.5
4178,2025-12-10 05:14:36.11294+00,2023-09-26,2195.0
4179,2025-12-10 05:14:37.607505+00,2023-09-27,2196.0
4180,2025-12-10 05:14:39.101093+00,2023-09-28,2232.0
4181,2025-12-10 05:14:40.582761+00,2023-09-29,2307.5
4182,2025-12-10 05:14:43.53238+00,2023-10-02,2286.5
4183,2025-12-10 05:14:45.040598+00,2023-10-03,2257.0
4184,2025-12-10 05:14:46.533081+00,2023-10-04,2231.0
4185,2025-12-10 05:14:48.017581+00,2023-10-05,2195.5
4186,2025-12-10 05:14:49.618055+00,2023-10-06,2208.0
4187,2025-12-10 05:14:51.347691+00,2023-10-09,2193.0
4188,2025-12-10 05:14:52.980481+00,2023-10-10,2199.0
4189,2025-12-10 05:14:54.548178+00,2023-10-11,2179.0
4190,2025-12-10 05:14:56.201773+00,2023-10-12,2180.5
4191,2025-12-10 05:14:57.699226+00,2023-10-13,2176.0
4192,2025-12-10 05:14:59.173609+00,2023-10-16,2161.5
4193,2025-12-10 05:15:00.666688+00,2023-10-17,2148.5
4194,2025-12-10 05:15:02.155177+00,2023-10-18,2176.5
4195,2025-12-10 05:15:03.646417+00,2023-10-19,2150.5
4196,2025-12-10 05:15:05.127276+00,2023-10-20,2152.0
4197,2025-12-10 05:15:06.625385+00,2023-10-23,2144.5
4198,2025-12-10 05:15:08.10305+00,2023-10-24,2146.5
4199,2025-12-10 05:15:09.5729+00,2023-10-25,2188.5
4200,2025-12-10 05:15:11.072974+00,2023-10-26,2202.5
4201,2025-12-10 05:15:12.562775+00,2023-10-27,2170.5
4202,2025-12-10 05:15:14.032608+00,2023-10-30,2252.0
4203,2025-12-10 05:15:15.524422+00,2023-10-31,2235.0
4204,2025-12-10 05:15:17.015807+00,2023-11-01,2230.5
4205,2025-12-10 05:15:18.496383+00,2023-11-02,2218.0
4206,2025-12-10 05:15:19.993659+00,2023-11-03,2219.5
4212,2025-12-10 05:15:30.435932+00,2023-11-06,2254.0
4213,2025-12-10 05:15:31.964585+00,2023-11-07,2241.0
4214,2025-12-10 05:15:33.479855+00,2023-11-08,2258.5
4215,2025-12-10 05:15:34.990133+00,2023-11-09,2228.0
4216,2025-12-10 05:15:36.524603+00,2023-11-10,2205.5
4217,2025-12-10 05:15:38.041908+00,2023-11-13,2220.5
4218,2025-12-10 05:15:39.540159+00,2023-11-14,2194.0
4219,2025-12-10 05:15:41.028435+00,2023-11-15,2205.0
4220,2025-12-10 05:15:42.505198+00,2023-11-16,2182.5
4221,2025-12-10 05:15:43.983396+00,2023-11-17,2165.0
4222,2025-12-10 05:15:45.466389+00,2023-11-20,2192.0
4223,2025-12-10 05:15:46.969385+00,2023-11-21,2201.5
4224,2025-12-10 05:15:48.461867+00,2023-11-22,2194.5
4225,2025-12-10 05:15:49.944885+00,2023-11-23,2183.0
4226,2025-12-10 05:15:51.425064+00,2023-11-24,2179.0
4227,2025-12-10 05:15:52.91438+00,2023-11-27,2177.0
4228,2025-12-10 05:15:54.387094+00,2023-11-28,2164.5
4229,2025-12-10 05:15:55.896923+00,2023-11-29,2178.0
4230,2025-12-10 05:15:57.389314+00,2023-11-30,2157.5
4231,2025-12-10 05:15:58.923331+00,2023-12-01,2147.5
4232,2025-12-10 05:16:01.815407+00,2024-01-02,2336.5
4233,2025-12-10 05:16:03.300834+00,2024-01-03,2255.5
4234,2025-12-10 05:16:04.77617+00,2024-01-04,2235.5
4235,2025-12-10 05:16:06.255286+00,2024-01-05,2215.5
4236,2025-12-10 05:16:07.736158+00,2024-01-08,2205.5
4237,2025-12-10 05:16:09.235509+00,2024-01-09,2200.0
4238,2025-12-10 05:16:10.772235+00,2024-01-10,2204.0
4239,2025-12-10 05:16:12.241266+00,2024-01-11,2203.0
4240,2025-12-10 05:16:13.757983+00,2024-01-12,2175.0
4241,2025-12-10 05:16:15.249593+00,2024-01-15,2153.0
4242,2025-12-10 05:16:16.758613+00,2024-01-16,2158.5
4243,2025-12-10 05:16:18.250491+00,2024-01-17,2142.0
4244,2025-12-10 05:16:19.767031+00,2024-01-18,2130.5
4245,2025-12-10 05:16:21.281743+00,2024-01-19,2122.0
4246,2025-12-10 05:16:22.756524+00,2024-01-22,2110.0
4247,2025-12-10 05:16:24.232955+00,2024-01-23,2145.0
4248,2025-12-10 05:16:25.720898+00,2024-01-24,2207.5
4249,2025-12-10 05:16:27.210956+00,2024-01-25,2188.5
4250,2025-12-10 05:16:28.694809+00,2024-01-26,2212.0
4251,2025-12-10 05:16:30.187755+00,2024-01-29,2214.0
4252,2025-12-10 05:16:31.648402+00,2024-01-30,2226.5
4253,2025-12-10 05:16:33.127192+00,2024-01-31,2232.0
4254,2025-12-10 05:16:34.601035+00,2024-02-01,2212.5
4255,2025-12-10 05:16:36.065821+00,2024-02-02,2209.5
4261,2025-12-10 05:16:46.414899+00,2024-02-05,2183.5
4262,2025-12-10 05:16:47.890095+00,2024-02-06,2184.5
4263,2025-12-10 05:16:49.355236+00,2024-02-07,2195.5
4264,2025-12-10 05:16:50.8268+00,2024-02-08,2214.5
4265,2025-12-10 05:16:52.327896+00,2024-02-09,2180.5
4266,2025-12-10 05:16:53.820308+00,2024-02-12,2188.0
4267,2025-12-10 05:16:55.295147+00,2024-02-13,2204.0
4268,2025-12-10 05:16:56.75139+00,2024-02-14,2194.0
4269,2025-12-10 05:16:58.220886+00,2024-02-15,2205.0
4270,2025-12-10 05:16:59.701167+00,2024-02-16,2203.0
4271,2025-12-10 05:17:01.18478+00,2024-02-19,2185.0
4272,2025-12-10 05:17:02.648196+00,2024-02-20,2147.5
4273,2025-12-10 05:17:04.125982+00,2024-02-21,2211.5
4274,2025-12-10 05:17:05.627416+00,2024-02-22,2178.5
4275,2025-12-10 05:17:07.116383+00,2024-02-23,2157.0
4276,2025-12-10 05:17:08.612977+00,2024-02-26,2140.5
4277,2025-12-10 05:17:10.11023+00,2024-02-27,2146.0
4278,2025-12-10 05:17:11.627345+00,2024-02-28,2130.0
4279,2025-12-10 05:17:13.141098+00,2024-02-29,2163.0
4280,2025-12-10 05:17:14.640857+00,2024-03-01,2183.5
4286,2025-12-10 05:17:25.395373+00,2024-03-04,2182.5
4287,2025-12-10 05:17:26.885996+00,2024-03-05,2191.5
4288,2025-12-10 05:17:28.386195+00,2024-03-06,2187.5
4289,2025-12-10 05:17:29.894576+00,2024-03-07,2210.0
4290,2025-12-10 05:17:31.392065+00,2024-03-08,2209.0
4291,2025-12-10 05:17:32.905848+00,2024-03-11,2202.0
4292,2025-12-10 05:17:34.400122+00,2024-03-12,2213.5
4293,2025-12-10 05:17:35.875497+00,2024-03-13,2224.0
4294,2025-12-10 05:17:37.34945+00,2024-03-14,2205.0
4295,2025-12-10 05:17:38.83528+00,2024-03-15,2218.5
4296,2025-12-10 05:17:40.349182+00,2024-03-18,2224.5
4297,2025-12-10 05:17:41.844679+00,2024-03-19,2202.5
4298,2025-12-10 05:17:43.356242+00,2024-03-20,2231.5
4299,2025-12-10 05:17:44.839167+00,2024-03-21,2264.0
4300,2025-12-10 05:17:46.335329+00,2024-03-22,2246.5
4301,2025-12-10 05:17:47.837264+00,2024-03-25,2267.5
4302,2025-12-10 05:17:49.337874+00,2024-03-26,2275.5
4303,2025-12-10 05:17:50.848658+00,2024-03-27,2238.0
4304,2025-12-10 05:17:52.340422+00,2024-03-28,2270.0
4305,2025-12-10 05:17:55.250032+00,2024-04-02,2322.5
4306,2025-12-10 05:17:56.752737+00,2024-04-03,2334.0
4307,2025-12-10 05:17:58.242862+00,2024-04-04,2394.5
4308,2025-12-10 05:17:59.741784+00,2024-04-05,2391.0
4309,2025-12-10 05:18:01.237188+00,2024-04-08,2417.0
4310,2025-12-10 05:18:02.71027+00,2024-04-09,2403.0
4311,2025-12-10 05:18:04.193137+00,2024-04-10,2429.0
4312,2025-12-10 05:18:05.660775+00,2024-04-11,2410.5
4313,2025-12-10 05:18:07.154858+00,2024-04-12,2443.0
4314,2025-12-10 05:18:08.649865+00,2024-04-15,2520.5
4315,2025-12-10 05:18:10.15375+00,2024-04-16,2512.0
4316,2025-12-10 05:18:11.679537+00,2024-04-17,2581.0
4317,2025-12-10 05:18:13.185807+00,2024-04-18,2600.0
4318,2025-12-10 05:18:14.698309+00,2024-04-19,2645.5
4319,2025-12-10 05:18:16.207779+00,2024-04-22,2654.0
4320,2025-12-10 05:18:17.700738+00,2024-04-23,2585.0
4321,2025-12-10 05:18:19.199719+00,2024-04-24,2585.5
4322,2025-12-10 05:18:20.707328+00,2024-04-25,2586.5
4323,2025-12-10 05:18:22.200912+00,2024-04-26,2559.5
4324,2025-12-10 05:18:23.707106+00,2024-04-29,2536.5
4325,2025-12-10 05:18:25.218814+00,2024-04-30,2545.0
4326,2025-12-10 05:18:26.735711+00,2024-05-01,2554.5
4327,2025-12-10 05:18:28.236523+00,2024-05-02,2510.0
4328,2025-12-10 05:18:29.748937+00,2024-05-03,2517.0
4334,2025-12-10 05:18:40.203083+00,2024-05-07,2512.5
4335,2025-12-10 05:18:41.683462+00,2024-05-08,2488.0
4336,2025-12-10 05:18:43.174077+00,2024-05-09,2494.0
4337,2025-12-10 05:18:44.644522+00,2024-05-10,2515.0
4338,2025-12-10 05:18:46.143159+00,2024-05-13,2510.0
4339,2025-12-10 05:18:47.643822+00,2024-05-14,2477.5
4340,2025-12-10 05:18:49.150837+00,2024-05-15,2529.5
4341,2025-12-10 05:18:50.636184+00,2024-05-16,2538.5
4342,2025-12-10 05:18:52.131183+00,2024-05-17,2544.0
4343,2025-12-10 05:18:53.62809+00,2024-05-20,2568.0
4344,2025-12-10 05:18:55.116701+00,2024-05-21,2645.0
4345,2025-12-10 05:18:56.591004+00,2024-05-22,2625.0
4346,2025-12-10 05:18:58.058315+00,2024-05-23,2551.0
4347,2025-12-10 05:18:59.547243+00,2024-05-24,2599.0
4348,2025-12-10 05:19:01.04034+00,2024-05-28,2653.0
4349,2025-12-10 05:19:02.523092+00,2024-05-29,2695.0
4350,2025-12-10 05:19:03.987741+00,2024-05-30,2665.5
4351,2025-12-10 05:19:05.463673+00,2024-05-31,2677.0
4352,2025-12-10 05:19:08.301907+00,2024-06-03,2625.0
4353,2025-12-10 05:19:09.760029+00,2024-06-04,2603.0
4354,2025-12-10 05:19:11.269749+00,2024-06-05,2577.0
4355,2025-12-10 05:19:12.738565+00,2024-06-06,2587.0
4356,2025-12-10 05:19:14.212136+00,2024-06-07,2578.5
4357,2025-12-10 05:19:15.673566+00,2024-06-10,2515.5
4358,2025-12-10 05:19:17.134883+00,2024-06-11,2475.0
4359,2025-12-10 05:19:18.620106+00,2024-06-12,2476.0
4360,2025-12-10 05:19:20.102616+00,2024-06-13,2498.0
4361,2025-12-10 05:19:21.612646+00,2024-06-14,2465.5
4362,2025-12-10 05:19:23.114543+00,2024-06-17,2420.5
4363,2025-12-10 05:19:24.619495+00,2024-06-18,2427.5
4364,2025-12-10 05:19:26.119188+00,2024-06-19,2445.0
4365,2025-12-10 05:19:27.588482+00,2024-06-20,2461.0
4366,2025-12-10 05:19:29.04441+00,2024-06-21,2452.5
4367,2025-12-10 05:19:30.527196+00,2024-06-24,2454.5
4368,2025-12-10 05:19:32.015196+00,2024-06-25,2451.5
4369,2025-12-10 05:19:33.534655+00,2024-06-26,2444.0
4370,2025-12-10 05:19:35.032963+00,2024-06-27,2458.5
4371,2025-12-10 05:19:36.520387+00,2024-06-28,2485.5
4372,2025-12-10 05:19:39.479849+00,2024-07-01,2496.5
4373,2025-12-10 05:19:40.964891+00,2024-07-02,2489.5
4374,2025-12-10 05:19:42.451106+00,2024-07-03,2487.0
4375,2025-12-10 05:19:43.938479+00,2024-07-04,2493.5
4376,2025-12-10 05:19:45.424082+00,2024-07-05,2495.5
4377,2025-12-10 05:19:46.890883+00,2024-07-08,2475.5
4378,2025-12-10 05:19:48.391155+00,2024-07-09,2468.5
4379,2025-12-10 05:19:49.887945+00,2024-07-10,2432.0
4380,2025-12-10 05:19:51.370333+00,2024-07-11,2428.5
4381,2025-12-10 05:19:52.84073+00,2024-07-12,2422.0
4382,2025-12-10 05:19:54.322461+00,2024-07-15,2404.0
4383,2025-12-10 05:19:55.823218+00,2024-07-16,2377.0
4384,2025-12-10 05:19:57.308908+00,2024-07-17,2363.0
4385,2025-12-10 05:19:58.797876+00,2024-07-18,2335.0
4386,2025-12-10 05:20:00.278923+00,2024-07-19,2312.0
4387,2025-12-10 05:20:01.743558+00,2024-07-22,2259.0
4388,2025-12-10 05:20:03.201763+00,2024-07-23,2264.0
4389,2025-12-10 05:20:04.674869+00,2024-07-24,2266.0
4390,2025-12-10 05:20:06.17884+00,2024-07-25,2218.5
4391,2025-12-10 05:20:07.68329+00,2024-07-26,2229.0
4392,2025-12-10 05:20:09.179999+00,2024-07-29,2203.5
4393,2025-12-10 05:20:10.677202+00,2024-07-30,2161.5
4394,2025-12-10 05:20:12.193518+00,2024-07-31,2252.0
4395,2025-12-10 05:20:13.673051+00,2024-08-01,2228.5
4396,2025-12-10 05:20:15.14198+00,2024-08-02,2214.5
4402,2025-12-10 05:20:25.431465+00,2024-08-05,2167.0
4403,2025-12-10 05:20:26.918638+00,2024-08-06,2205.0
4404,2025-12-10 05:20:28.403123+00,2024-08-07,2202.5
4405,2025-12-10 05:20:29.872611+00,2024-08-08,2204.5
4406,2025-12-10 05:20:31.331856+00,2024-08-09,2263.0
4407,2025-12-10 05:20:32.802153+00,2024-08-12,2268.0
4408,2025-12-10 05:20:34.277394+00,2024-08-13,2256.5
4409,2025-12-10 05:20:35.745374+00,2024-08-14,2299.0
4410,2025-12-10 05:20:37.229241+00,2024-08-15,2301.0
4411,2025-12-10 05:20:38.737055+00,2024-08-16,2293.5
4412,2025-12-10 05:20:40.224373+00,2024-08-19,2369.5
4413,2025-12-10 05:20:41.712628+00,2024-08-20,2435.0
4414,2025-12-10 05:20:43.20374+00,2024-08-21,2443.0
4415,2025-12-10 05:20:44.699338+00,2024-08-22,2471.0
4416,2025-12-10 05:20:46.167383+00,2024-08-23,2499.0
4417,2025-12-10 05:20:47.636267+00,2024-08-27,2520.0
4418,2025-12-10 05:20:49.110737+00,2024-08-28,2479.5
4419,2025-12-10 05:20:50.576558+00,2024-08-29,2437.5
4420,2025-12-10 05:20:52.047716+00,2024-08-30,2463.5
4421,2025-12-10 05:20:54.994127+00,2024-09-02,2390.5
4422,2025-12-10 05:20:56.485502+00,2024-09-03,2382.0
4423,2025-12-10 05:20:57.965761+00,2024-09-04,2367.5
4424,2025-12-10 05:20:59.480663+00,2024-09-05,2366.0
4425,2025-12-10 05:21:00.962496+00,2024-09-06,2368.0
4426,2025-12-10 05:21:02.416909+00,2024-09-09,2318.0
4427,2025-12-10 05:21:03.887716+00,2024-09-10,2323.0
4428,2025-12-10 05:21:05.373293+00,2024-09-11,2354.5
4429,2025-12-10 05:21:06.865281+00,2024-09-12,2390.5
4430,2025-12-10 05:21:08.333971+00,2024-09-13,2405.0
4431,2025-12-10 05:21:09.832573+00,2024-09-16,2505.0
4432,2025-12-10 05:21:11.326891+00,2024-09-17,2505.5
4433,2025-12-10 05:21:12.836144+00,2024-09-18,2520.0
4434,2025-12-10 05:21:14.309895+00,2024-09-19,2523.0
4435,2025-12-10 05:21:15.810904+00,2024-09-20,2477.0
4436,2025-12-10 05:21:17.324949+00,2024-09-23,2455.0
4437,2025-12-10 05:21:18.828884+00,2024-09-24,2542.0
4438,2025-12-10 05:21:20.297077+00,2024-09-25,2512.0
4439,2025-12-10 05:21:21.763375+00,2024-09-26,2560.0
4440,2025-12-10 05:21:23.258911+00,2024-09-27,2609.5
4441,2025-12-10 05:21:24.732104+00,2024-09-30,2611.0
4442,2025-12-10 05:21:26.210878+00,2024-10-01,2635.0
4443,2025-12-10 05:21:27.685451+00,2024-10-02,2635.0
4444,2025-12-10 05:21:29.178849+00,2024-10-03,2638.0
4445,2025-12-10 05:21:30.679648+00,2024-10-04,2654.0
4451,2025-12-10 05:21:41.131924+00,2024-10-07,2655.5
4452,2025-12-10 05:21:42.62928+00,2024-10-08,2569.0
4453,2025-12-10 05:21:44.097563+00,2024-10-09,2530.0
4454,2025-12-10 05:21:45.600527+00,2024-10-10,2550.5
4455,2025-12-10 05:21:47.105543+00,2024-10-11,2645.0
4456,2025-12-10 05:21:48.621154+00,2024-10-14,2566.0
4457,2025-12-10 05:21:50.115343+00,2024-10-15,2522.0
4458,2025-12-10 05:21:51.608063+00,2024-10-16,2557.5
4459,2025-12-10 05:21:53.101712+00,2024-10-17,2524.5
4460,2025-12-10 05:21:54.598742+00,2024-10-18,2553.0
4461,2025-12-10 05:21:56.122999+00,2024-10-21,2582.5
4462,2025-12-10 05:21:57.616324+00,2024-10-22,2609.0
4463,2025-12-10 05:21:59.102188+00,2024-10-23,2625.0
4464,2025-12-10 05:22:00.619297+00,2024-10-24,2643.0
4465,2025-12-10 05:22:02.103844+00,2024-10-25,2600.5
4466,2025-12-10 05:22:03.596039+00,2024-10-28,2610.0
4467,2025-12-10 05:22:05.118657+00,2024-10-29,2617.5
4468,2025-12-10 05:22:06.594115+00,2024-10-30,2623.0
4469,2025-12-10 05:22:08.104386+00,2024-10-31,2617.5
4470,2025-12-10 05:22:09.609714+00,2024-11-01,2613.5
4476,2025-12-10 05:22:20.111709+00,2024-11-04,2581.0
4477,2025-12-10 05:22:21.601438+00,2024-11-05,2605.5
4478,2025-12-10 05:22:23.071536+00,2024-11-06,2549.5
4479,2025-12-10 05:22:24.571001+00,2024-11-07,2652.5
4480,2025-12-10 05:22:26.055577+00,2024-11-08,2600.5
4481,2025-12-10 05:22:27.5171+00,2024-11-11,2555.0
4482,2025-12-10 05:22:28.9662+00,2024-11-12,2530.0
4483,2025-12-10 05:22:30.43481+00,2024-11-13,2514.0
4484,2025-12-10 05:22:31.919414+00,2024-11-14,2504.0
4485,2025-12-10 05:22:33.393798+00,2024-11-15,2641.0
4486,2025-12-10 05:22:34.870214+00,2024-11-18,2563.0
4487,2025-12-10 05:22:36.339675+00,2024-11-19,2583.5
4488,2025-12-10 05:22:37.83074+00,2024-11-20,2654.5
4489,2025-12-10 05:22:39.300374+00,2024-11-21,2591.0
4490,2025-12-10 05:22:40.78405+00,2024-11-22,2589.0
4491,2025-12-10 05:22:42.258718+00,2024-11-25,2616.0
4492,2025-12-10 05:22:43.739121+00,2024-11-26,2590.5
4493,2025-12-10 05:22:45.241867+00,2024-11-27,2577.0
4494,2025-12-10 05:22:46.740763+00,2024-11-28,2564.0
4495,2025-12-10 05:22:48.221209+00,2024-11-29,2572.0
4498,2025-12-10 05:22:54.095788+00,2025-01-02,2536.0
4499,2025-12-10 05:22:55.581462+00,2025-01-03,2475.0
4500,2025-12-10 05:22:57.067412+00,2025-01-06,2480.0
4501,2025-12-10 05:22:58.547663+00,2025-01-07,2484.0
4502,2025-12-10 05:23:00.017462+00,2025-01-08,2474.0
4503,2025-12-10 05:23:01.481063+00,2025-01-09,2502.5
4504,2025-12-10 05:23:02.956037+00,2025-01-10,2560.5
4505,2025-12-10 05:23:04.45314+00,2025-01-13,2573.0
4506,2025-12-10 05:23:05.947842+00,2025-01-14,2554.5
4507,2025-12-10 05:23:07.456002+00,2025-01-15,2562.0
4508,2025-12-10 05:23:08.962321+00,2025-01-16,2628.0
4509,2025-12-10 05:23:10.440017+00,2025-01-17,2658.5
4510,2025-12-10 05:23:11.930942+00,2025-01-20,2675.0
4511,2025-12-10 05:23:13.450941+00,2025-01-21,2635.5
4512,2025-12-10 05:23:14.960504+00,2025-01-22,2611.0
4513,2025-12-10 05:23:16.483665+00,2025-01-23,2605.5
4514,2025-12-10 05:23:17.96234+00,2025-01-24,2640.0
4515,2025-12-10 05:23:19.459736+00,2025-01-27,2616.5
4516,2025-12-10 05:23:20.971383+00,2025-01-28,2572.0
4517,2025-12-10 05:23:22.469824+00,2025-01-29,2590.5
4518,2025-12-10 05:23:23.96474+00,2025-01-30,2617.0
4519,2025-12-10 05:23:25.456796+00,2025-01-31,2598.0
4520,2025-12-10 05:23:28.310966+00,2025-02-03,2584.0
4521,2025-12-10 05:23:29.801627+00,2025-02-04,2634.0
4522,2025-12-10 05:23:31.273743+00,2025-02-05,2610.0
4523,2025-12-10 05:23:32.742109+00,2025-02-06,2638.0
4524,2025-12-10 05:23:34.234906+00,2025-02-07,2639.5
4525,2025-12-10 05:23:35.719574+00,2025-02-10,2640.0
4526,2025-12-10 05:23:37.20482+00,2025-02-11,2647.0
4527,2025-12-10 05:23:38.69501+00,2025-02-12,2628.5
4528,2025-12-10 05:23:40.185688+00,2025-02-13,2627.0
4529,2025-12-10 05:23:41.701453+00,2025-02-14,2662.0
4530,2025-12-10 05:23:43.221374+00,2025-02-17,2660.0
4531,2025-12-10 05:23:44.717257+00,2025-02-18,2661.0
4532,2025-12-10 05:23:46.216916+00,2025-02-19,2709.5
4533,2025-12-10 05:23:47.728088+00,2025-02-20,2720.0
4534,2025-12-10 05:23:49.233433+00,2025-02-21,2702.0
4535,2025-12-10 05:23:50.704589+00,2025-02-24,2673.0
4536,2025-12-10 05:23:52.189985+00,2025-02-25,2669.0
4537,2025-12-10 05:23:53.682644+00,2025-02-26,2670.5
4538,2025-12-10 05:23:55.166911+00,2025-02-27,2655.0
4539,2025-12-10 05:23:56.659185+00,2025-02-28,2637.5
4540,2025-12-10 05:23:59.570055+00,2025-03-03,2624.0
4541,2025-12-10 05:24:01.081335+00,2025-03-04,2634.0
4542,2025-12-10 05:24:02.575291+00,2025-03-05,2653.0
4543,2025-12-10 05:24:04.057962+00,2025-03-06,2709.0
4544,2025-12-10 05:24:05.561108+00,2025-03-07,2693.0
4545,2025-12-10 05:24:07.065621+00,2025-03-10,2716.0
4546,2025-12-10 05:24:08.582473+00,2025-03-11,2725.0
4547,2025-12-10 05:24:10.088461+00,2025-03-12,2737.0
4548,2025-12-10 05:24:11.589686+00,2025-03-13,2694.0
4549,2025-12-10 05:24:13.076624+00,2025-03-14,2713.0
4550,2025-12-10 05:24:14.585441+00,2025-03-17,2715.0
4551,2025-12-10 05:24:16.139829+00,2025-03-18,2681.0
4552,2025-12-10 05:24:17.625703+00,2025-03-19,2687.0
4553,2025-12-10 05:24:19.118836+00,2025-03-20,2685.5
4554,2025-12-10 05:24:20.613598+00,2025-03-21,2652.0
4555,2025-12-10 05:24:22.110053+00,2025-03-24,2640.5
4556,2025-12-10 05:24:23.61471+00,2025-03-25,2608.0
4557,2025-12-10 05:24:25.10432+00,2025-03-26,2600.0
4558,2025-12-10 05:24:26.594599+00,2025-03-27,2557.0
4559,2025-12-10 05:24:28.075536+00,2025-03-28,2559.0
4560,2025-12-10 05:24:29.592883+00,2025-03-31,2518.5
4561,2025-12-10 05:24:31.082379+00,2025-04-01,2499.0
4562,2025-12-10 05:24:32.562889+00,2025-04-02,2480.0
4563,2025-12-10 05:24:34.069232+00,2025-04-03,2436.5
4564,2025-12-10 05:24:35.537768+00,2025-04-04,2355.5
4570,2025-12-10 05:24:45.81681+00,2025-04-07,2350.0
4571,2025-12-10 05:24:47.313447+00,2025-04-08,2366.0
4572,2025-12-10 05:24:48.789386+00,2025-04-09,2285.0
4573,2025-12-10 05:24:50.289161+00,2025-04-10,2343.5
4574,2025-12-10 05:24:51.797137+00,2025-04-11,2364.0
4575,2025-12-10 05:24:53.296208+00,2025-04-14,2355.5
4576,2025-12-10 05:24:54.769953+00,2025-04-15,2333.5
4577,2025-12-10 05:24:56.277377+00,2025-04-16,2332.5
4578,2025-12-10 05:24:57.76886+00,2025-04-17,2327.5
4579,2025-12-10 05:24:59.267129+00,2025-04-22,2355.5
4580,2025-12-10 05:25:00.769058+00,2025-04-23,2384.0
4581,2025-12-10 05:25:02.262229+00,2025-04-24,2410.0
4582,2025-12-10 05:25:03.75958+00,2025-04-25,2412.0
4583,2025-12-10 05:25:05.235409+00,2025-04-28,2400.0
4584,2025-12-10 05:25:06.729708+00,2025-04-29,2430.0
4585,2025-12-10 05:25:08.209931+00,2025-04-30,2405.0
4586,2025-12-10 05:25:09.710273+00,2025-05-01,2377.5
4587,2025-12-10 05:25:11.203168+00,2025-05-02,2401.5
4593,2025-12-10 05:25:21.654671+00,2025-05-06,2404.0
4594,2025-12-10 05:25:23.131863+00,2025-05-07,2363.5
4595,2025-12-10 05:25:24.604598+00,2025-05-08,2363.5
4596,2025-12-10 05:25:26.099872+00,2025-05-09,2401.0
4597,2025-12-10 05:25:27.59167+00,2025-05-12,2468.5
4598,2025-12-10 05:25:29.101313+00,2025-05-13,2470.0
4599,2025-12-10 05:25:30.582972+00,2025-05-14,2530.0
4600,2025-12-10 05:25:32.055807+00,2025-05-15,2480.5
4601,2025-12-10 05:25:33.534152+00,2025-05-16,2473.5
4602,2025-12-10 05:25:35.031847+00,2025-05-19,2450.5
4603,2025-12-10 05:25:36.542178+00,2025-05-20,2458.5
4604,2025-12-10 05:25:38.031381+00,2025-05-21,2460.5
4605,2025-12-10 05:25:39.51695+00,2025-05-22,2445.5
4606,2025-12-10 05:25:41.001778+00,2025-05-23,2437.0
4607,2025-12-10 05:25:42.466803+00,2025-05-27,2470.5
4608,2025-12-10 05:25:43.939058+00,2025-05-28,2479.0
4609,2025-12-10 05:25:45.411825+00,2025-05-29,2468.0
4610,2025-12-10 05:25:46.87996+00,2025-05-30,2445.0
4611,2025-12-10 05:25:49.854318+00,2025-06-02,2451.0
4612,2025-12-10 05:25:51.34897+00,2025-06-03,2446.0
4613,2025-12-10 05:25:52.823841+00,2025-06-04,2473.0
4614,2025-12-10 05:25:54.333547+00,2025-06-05,2472.5
4615,2025-12-10 05:25:55.833221+00,2025-06-06,2431.5
4616,2025-12-10 05:25:57.330311+00,2025-06-09,2468.5
4617,2025-12-10 05:25:58.829493+00,2025-06-10,2482.0
4618,2025-12-10 05:26:00.334474+00,2025-06-11,2511.5
4619,2025-12-10 05:26:01.819254+00,2025-06-12,2510.0
4620,2025-12-10 05:26:03.287393+00,2025-06-13,2485.0
4621,2025-12-10 05:26:04.769252+00,2025-06-16,2508.5
4622,2025-12-10 05:26:06.295812+00,2025-06-17,2530.0
4623,2025-12-10 05:26:07.778491+00,2025-06-18,2545.5
4624,2025-12-10 05:26:09.268129+00,2025-06-19,2525.5
4625,2025-12-10 05:26:10.73807+00,2025-06-20,2529.0
4626,2025-12-10 05:26:12.209788+00,2025-06-23,2599.0
4627,2025-12-10 05:26:13.700656+00,2025-06-24,2572.5
4628,2025-12-10 05:26:15.198929+00,2025-06-25,2555.5
4629,2025-12-10 05:26:16.700861+00,2025-06-26,2573.5
4630,2025-12-10 05:26:18.179909+00,2025-06-27,2583.0
4631,2025-12-10 05:26:19.66206+00,2025-06-30,2593.0
4632,2025-12-10 05:26:21.161099+00,2025-07-01,2604.0
4633,2025-12-10 05:26:22.663058+00,2025-07-02,2602.0
4634,2025-12-10 05:26:24.150303+00,2025-07-03,2604.0
4635,2025-12-10 05:26:25.626933+00,2025-07-04,2587.0
4641,2025-12-10 05:26:35.992789+00,2025-07-07,2566.0
4642,2025-12-10 05:26:37.497013+00,2025-07-08,2587.0
4643,2025-12-10 05:26:39.009242+00,2025-07-09,2580.0
4644,2025-12-10 05:26:40.507397+00,2025-07-10,2609.0
4645,2025-12-10 05:26:42.003651+00,2025-07-11,2591.5
4646,2025-12-10 05:26:43.496573+00,2025-07-14,2586.0
4647,2025-12-10 05:26:44.993682+00,2025-07-15,2594.0
4648,2025-12-10 05:26:46.493844+00,2025-07-16,2568.0
4649,2025-12-10 05:26:47.99506+00,2025-07-17,2557.0
4650,2025-12-10 05:26:49.489345+00,2025-07-18,2591.5
4651,2025-12-10 05:26:50.9584+00,2025-07-21,2649.0
4652,2025-12-10 05:26:52.447933+00,2025-07-22,2638.5
4653,2025-12-10 05:26:53.951295+00,2025-07-23,2645.0
4654,2025-12-10 05:26:55.439378+00,2025-07-24,2646.5
4655,2025-12-10 05:26:56.931846+00,2025-07-25,2657.0
4656,2025-12-10 05:26:58.427861+00,2025-07-28,2632.5
4657,2025-12-10 05:26:59.913088+00,2025-07-29,2609.0
4658,2025-12-10 05:27:01.396255+00,2025-07-30,2611.0
4659,2025-12-10 05:27:02.864876+00,2025-07-31,2580.0
4660,2025-12-10 05:27:04.361337+00,2025-08-01,2545.0
4666,2025-12-10 05:27:14.796976+00,2025-08-04,2575.0
4667,2025-12-10 05:27:16.342704+00,2025-08-05,2568.0
4668,2025-12-10 05:27:17.809051+00,2025-08-06,2589.5
4669,2025-12-10 05:27:19.281796+00,2025-08-07,2617.0
4670,2025-12-10 05:27:20.755801+00,2025-08-08,2609.0
4671,2025-12-10 05:27:22.22964+00,2025-08-11,2586.5
4672,2025-12-10 05:27:23.741212+00,2025-08-12,2605.0
4673,2025-12-10 05:27:25.228527+00,2025-08-13,2626.0
4674,2025-12-10 05:27:26.714959+00,2025-08-14,2608.5
4675,2025-12-10 05:27:28.204438+00,2025-08-15,2600.0
4676,2025-12-10 05:27:29.681237+00,2025-08-18,2586.5
4677,2025-12-10 05:27:31.15291+00,2025-08-19,2572.5
4678,2025-12-10 05:27:32.623865+00,2025-08-20,2567.0
4679,2025-12-10 05:27:34.098265+00,2025-08-21,2570.5
4680,2025-12-10 05:27:35.574936+00,2025-08-22,2589.0
4681,2025-12-10 05:27:37.036912+00,2025-08-26,2611.5
4682,2025-12-10 05:27:38.523469+00,2025-08-27,2618.0
4683,2025-12-10 05:27:40.023409+00,2025-08-28,2615.0
4684,2025-12-10 05:27:41.524906+00,2025-08-29,2621.0
4685,2025-12-10 05:27:44.434504+00,2025-09-01,2612.5
4686,2025-12-10 05:27:45.920967+00,2025-09-02,2615.0
4687,2025-12-10 05:27:47.406755+00,2025-09-03,2617.0
4688,2025-12-10 05:27:48.88218+00,2025-09-04,2606.0
4689,2025-12-10 05:27:50.365401+00,2025-09-05,2616.0
4690,2025-12-10 05:27:51.866561+00,2025-09-08,2613.5
4691,2025-12-10 05:27:53.367043+00,2025-09-09,2621.0
4692,2025-12-10 05:27:54.832895+00,2025-09-10,2623.5
4693,2025-12-10 05:27:56.288743+00,2025-09-11,2656.0
4694,2025-12-10 05:27:57.758691+00,2025-09-12,2707.0
4695,2025-12-10 05:27:59.22225+00,2025-09-15,2693.5
4696,2025-12-10 05:28:00.698192+00,2025-09-16,2736.5
4697,2025-12-10 05:28:02.185399+00,2025-09-17,2691.0
4698,2025-12-10 05:28:03.651504+00,2025-09-18,2693.0
4699,2025-12-10 05:28:05.135536+00,2025-09-19,2689.5
4700,2025-12-10 05:28:06.628101+00,2025-09-22,2667.0
4701,2025-12-10 05:28:08.13387+00,2025-09-23,2646.0
4702,2025-12-10 05:28:09.607245+00,2025-09-24,2623.0
4703,2025-12-10 05:28:11.100547+00,2025-09-25,2661.5
4704,2025-12-10 05:28:12.593034+00,2025-09-26,2642.5
4705,2025-12-10 05:28:14.057375+00,2025-09-29,2672.0
4706,2025-12-10 05:28:15.541493+00,2025-09-30,2668.5
4707,2025-12-10 05:28:17.065728+00,2025-10-01,2683.5
4708,2025-12-10 05:28:18.565494+00,2025-10-02,2700.0
4709,2025-12-10 05:28:20.066306+00,2025-10-03,2703.0
4715,2025-12-10 05:28:30.512898+00,2025-10-06,2713.0
4716,2025-12-10 05:28:31.991389+00,2025-10-07,2713.5
4717,2025-12-10 05:28:33.465038+00,2025-10-08,2750.5
4718,2025-12-10 05:28:34.934305+00,2025-10-09,2786.5
4719,2025-12-10 05:28:36.417163+00,2025-10-10,2799.5
4720,2025-12-10 05:28:37.894395+00,2025-10-13,2774.0
4721,2025-12-10 05:28:39.378858+00,2025-10-14,2734.0
4722,2025-12-10 05:28:40.870814+00,2025-10-15,2752.5
4723,2025-12-10 05:28:42.379485+00,2025-10-16,2775.0
4724,2025-12-10 05:28:43.879332+00,2025-10-17,2789.5
4725,2025-12-10 05:28:45.384231+00,2025-10-20,2773.0
4726,2025-12-10 05:28:46.892088+00,2025-10-21,2781.0
4727,2025-12-10 05:28:48.381541+00,2025-10-22,2818.0
4728,2025-12-10 05:28:49.858232+00,2025-10-23,2845.0
4729,2025-12-10 05:28:51.362998+00,2025-10-24,2853.0
4730,2025-12-10 05:28:52.856868+00,2025-10-27,2879.0
4731,2025-12-10 05:28:54.349004+00,2025-10-28,2859.0
4732,2025-12-10 05:28:55.879953+00,2025-10-29,2891.5
4733,2025-12-10 05:28:57.33996+00,2025-10-30,2826.0
4734,2025-12-10 05:28:58.811217+00,2025-10-31,2885.0
4735,2025-12-10 05:29:01.602105+00,2025-11-03,2903.0
4736,2025-12-10 05:29:03.066381+00,2025-11-04,2853.0
4737,2025-12-10 05:29:04.566757+00,2025-11-05,2838.5
4738,2025-12-10 05:29:06.041193+00,2025-11-06,2861.5
4739,2025-12-10 05:29:07.513291+00,2025-11-07,2841.0
4740,2025-12-10 05:29:08.973441+00,2025-11-10,2867.5
4741,2025-12-10 05:29:10.458164+00,2025-11-11,2841.0
4742,2025-12-10 05:29:11.949299+00,2025-11-12,2856.0
4743,2025-12-10 05:29:13.448612+00,2025-11-13,2876.0
4744,2025-12-10 05:29:14.949811+00,2025-11-14,2832.5
4745,2025-12-10 05:29:16.445541+00,2025-11-17,2798.0
4746,2025-12-10 05:29:17.960335+00,2025-11-18,2749.5
4747,2025-12-10 05:29:19.461469+00,2025-11-19,2781.0
4748,2025-12-10 05:29:20.950333+00,2025-11-20,2778.5
4749,2025-12-10 05:29:22.443951+00,2025-11-21,2765.5
4750,2025-12-10 05:29:23.932672+00,2025-11-24,2776.5
4751,2025-12-10 05:29:25.428166+00,2025-11-25,2787.0
4752,2025-12-10 05:29:26.891221+00,2025-11-26,2822.5
4753,2025-12-10 05:29:28.379433+00,2025-11-27,2804.0
4754,2025-12-10 05:29:29.862714+00,2025-11-28,2826.0
4762,2025-12-10 22:10:24.535518+00,2025-12-10,2836.5
4771,2025-12-11 22:10:00.992624+00,2025-12-11,2864.0
4781,2025-12-12 22:09:51.48073+00,2025-12-12,2845.5
4812,2025-12-15 22:10:06.05846+00,2025-12-15,2841.0
4824,2025-12-16 22:09:58.967379+00,2025-12-16,2833.5
4837,2025-12-17 22:09:54.867695+00,2025-12-17,2851.5
4851,2025-12-18 22:09:37.676571+00,2025-12-18,2852.5
4866,2025-12-19 22:10:16.407436+00,2025-12-19,2896.0
5707,2026-01-18 18:11:13.001938+00,2008-12-01,1690.5
5708,2026-01-18 18:11:14.359911+00,2008-12-02,1642.5
5709,2026-01-18 18:11:15.771741+00,2008-12-03,1587.0
5710,2026-01-18 18:11:17.157373+00,2008-12-04,1544.0
5711,2026-01-18 18:11:18.544181+00,2008-12-05,1446.0
5712,2026-01-18 18:11:19.918615+00,2008-12-08,1466.0
5713,2026-01-18 18:11:21.503394+00,2008-12-09,1463.0
5714,2026-01-18 18:11:22.874138+00,2008-12-10,1462.5
5715,2026-01-18 18:11:24.284686+00,2008-12-11,1525.5
5716,2026-01-18 18:11:25.917139+00,2008-12-12,1466.0
5717,2026-01-18 18:11:27.361264+00,2008-12-15,1442.0
5718,2026-01-18 18:11:28.73554+00,2008-12-16,1423.0
5719,2026-01-18 18:11:30.153502+00,2008-12-17,1431.0
5720,2026-01-18 18:11:31.561616+00,2008-12-18,1431.0
5721,2026-01-18 18:11:33.073588+00,2008-12-19,1438.5
5722,2026-01-18 18:11:34.458205+00,2008-12-22,1478.0
5723,2026-01-18 18:11:35.825445+00,2008-12-23,1506.5
5724,2026-01-18 18:11:37.205308+00,2008-12-24,1495.5
5725,2026-01-18 18:11:38.663686+00,2008-12-29,1460.0
5726,2026-01-18 18:11:40.235576+00,2008-12-30,1445.5
6343,2026-01-18 18:45:40.762517+00,2009-12-07,2103.0
6344,2026-01-18 18:45:40.909131+00,2009-12-08,2134.0
6345,2026-01-18 18:45:41.047015+00,2009-12-09,2127.5
6346,2026-01-18 18:45:41.20419+00,2009-12-10,2163.5
6347,2026-01-18 18:45:41.359992+00,2009-12-11,2210.0
6348,2026-01-18 18:45:41.510915+00,2009-12-14,2265.5
6349,2026-01-18 18:45:41.660497+00,2009-12-15,2204.0
6350,2026-01-18 18:45:41.802481+00,2009-12-16,2241.5
6351,2026-01-18 18:45:41.932973+00,2009-12-17,2215.0
6352,2026-01-18 18:45:42.071424+00,2009-12-18,2214.0
6353,2026-01-18 18:45:42.203801+00,2009-12-21,2231.0
6354,2026-01-18 18:45:42.349409+00,2009-12-22,2200.5
6355,2026-01-18 18:45:42.496374+00,2009-12-23,2212.5
6356,2026-01-18 18:45:42.626249+00,2009-12-24,2201.0
6625,2026-01-18 18:46:26.363733+00,2010-12-06,2278.5
6626,2026-01-18 18:46:26.515521+00,2010-12-07,2325.5
6627,2026-01-18 18:46:26.660855+00,2010-12-08,2296.0
6628,2026-01-18 18:46:26.821045+00,2010-12-09,2350.0
6629,2026-01-18 18:46:26.971962+00,2010-12-10,2316.0
6630,2026-01-18 18:46:27.114149+00,2010-12-13,2298.0
6631,2026-01-18 18:46:27.261182+00,2010-12-14,2332.0
6632,2026-01-18 18:46:27.424788+00,2010-12-15,2305.5
6633,2026-01-18 18:46:27.572148+00,2010-12-16,2296.0
6634,2026-01-18 18:46:27.711411+00,2010-12-17,2306.5
6635,2026-01-18 18:46:27.840172+00,2010-12-20,2327.5
6636,2026-01-18 18:46:27.968445+00,2010-12-21,2378.0
6637,2026-01-18 18:46:28.105308+00,2010-12-22,2444.0
6638,2026-01-18 18:46:28.248368+00,2010-12-23,2421.0
6639,2026-01-18 18:46:28.389003+00,2010-12-24,2402.0
6914,2026-01-18 18:47:12.65228+00,2011-12-05,2105.5
6915,2026-01-18 18:47:12.777029+00,2011-12-06,2103.5
6916,2026-01-18 18:47:12.90859+00,2011-12-07,2102.0
6917,2026-01-18 18:47:13.045254+00,2011-12-08,2059.5
6918,2026-01-18 18:47:13.164124+00,2011-12-09,2066.5
6919,2026-01-18 18:47:13.299731+00,2011-12-12,2026.5
6920,2026-01-18 18:47:13.430638+00,2011-12-13,2021.0
6921,2026-01-18 18:47:13.56772+00,2011-12-14,1976.0
6922,2026-01-18 18:47:13.689414+00,2011-12-15,1982.5
6923,2026-01-18 18:47:13.816947+00,2011-12-16,2003.5
6924,2026-01-18 18:47:13.947693+00,2011-12-19,1955.5
6925,2026-01-18 18:47:14.073938+00,2011-12-20,1971.0
6926,2026-01-18 18:47:14.196159+00,2011-12-21,1945.0
6927,2026-01-18 18:47:14.331969+00,2011-12-22,1965.5
6928,2026-01-18 18:47:14.469478+00,2011-12-23,1991.5
6929,2026-01-18 18:47:14.594115+00,2011-12-28,1970.5
6930,2026-01-18 18:47:14.722307+00,2011-12-29,1976.0
6931,2026-01-18 18:47:14.851786+00,2011-12-30,1970.5
7195,2026-01-18 18:47:53.278831+00,2012-12-03,2096.5
7196,2026-01-18 18:47:53.403423+00,2012-12-04,2100.5
7197,2026-01-18 18:47:53.51666+00,2012-12-05,2095.0
7198,2026-01-18 18:47:53.639811+00,2012-12-06,2109.5
7199,2026-01-18 18:47:53.748592+00,2012-12-07,2078.0
7200,2026-01-18 18:47:53.872518+00,2012-12-10,2101.5
7201,2026-01-18 18:47:53.994025+00,2012-12-11,2131.0
7202,2026-01-18 18:47:54.125818+00,2012-12-12,2135.0
7203,2026-01-18 18:47:54.255109+00,2012-12-13,2121.5
7204,2026-01-18 18:47:54.374666+00,2012-12-14,2132.5
7205,2026-01-18 18:47:54.513066+00,2012-12-17,2163.5
7206,2026-01-18 18:47:54.651877+00,2012-12-18,2081.0
7207,2026-01-18 18:47:54.779489+00,2012-12-19,2073.0
7208,2026-01-18 18:47:54.903451+00,2012-12-20,2032.0
7209,2026-01-18 18:47:55.026299+00,2012-12-21,2035.5
7210,2026-01-18 18:47:55.147901+00,2012-12-24,2045.5
7211,2026-01-18 18:47:55.281129+00,2012-12-27,2043.5
7212,2026-01-18 18:47:55.410085+00,2012-12-28,2031.0
7213,2026-01-18 18:47:55.537108+00,2012-12-31,2040.0
7214,2026-01-18 18:47:55.665315+00,2012-01-02,2093.5
7481,2026-01-18 18:48:37.295479+00,2013-12-02,1699.5
7482,2026-01-18 18:48:37.448314+00,2013-12-03,1695.0
7483,2026-01-18 18:48:37.607064+00,2013-12-04,1702.0
7484,2026-01-18 18:48:37.732926+00,2013-12-05,1728.0
7485,2026-01-18 18:48:37.863931+00,2013-12-06,1728.5
7486,2026-01-18 18:48:38.0175+00,2013-12-09,1749.0
7487,2026-01-18 18:48:38.166029+00,2013-12-10,1762.5
7488,2026-01-18 18:48:38.30873+00,2013-12-11,1769.0
7489,2026-01-18 18:48:38.453742+00,2013-12-12,1759.5
7490,2026-01-18 18:48:38.592927+00,2013-12-13,1750.5
7491,2026-01-18 18:48:38.738264+00,2013-12-16,1745.5
7492,2026-01-18 18:48:38.879339+00,2013-12-17,1745.5
7493,2026-01-18 18:48:39.021148+00,2013-12-18,1749.5
7494,2026-01-18 18:48:39.158851+00,2013-12-19,1735.5
7495,2026-01-18 18:48:39.300615+00,2013-12-20,1739.0
7496,2026-01-18 18:48:39.435802+00,2013-12-23,1718.0
7497,2026-01-18 18:48:39.572922+00,2013-12-24,1710.0
7498,2026-01-18 18:48:39.729485+00,2013-12-27,1753.5
7499,2026-01-18 18:48:39.870681+00,2013-12-30,1771.0
7762,2026-01-18 18:49:21.184983+00,2014-12-01,2021.0
7763,2026-01-18 18:49:21.311368+00,2014-12-02,2015.0
7764,2026-01-18 18:49:21.437798+00,2014-12-03,1967.0
7765,2026-01-18 18:49:21.560834+00,2014-12-04,1975.0
7766,2026-01-18 18:49:21.683183+00,2014-12-05,2002.0
7767,2026-01-18 18:49:21.804725+00,2014-12-08,1960.0
7768,2026-01-18 18:49:21.932422+00,2014-12-09,1945.0
7769,2026-01-18 18:49:22.051948+00,2014-12-10,1950.0
7770,2026-01-18 18:49:22.169532+00,2014-12-11,1935.5
7771,2026-01-18 18:49:22.286561+00,2014-12-12,1918.0
7772,2026-01-18 18:49:22.4128+00,2014-12-15,1916.5
7773,2026-01-18 18:49:22.54785+00,2014-12-16,1875.0
7774,2026-01-18 18:49:22.67324+00,2014-12-17,1863.5
7775,2026-01-18 18:49:22.794381+00,2014-12-18,1888.5
7776,2026-01-18 18:49:22.91013+00,2014-12-19,1888.0
7777,2026-01-18 18:49:23.025487+00,2014-12-22,1878.0
7778,2026-01-18 18:49:23.139294+00,2014-12-23,1852.0
7779,2026-01-18 18:49:23.256676+00,2014-12-24,1834.0
7780,2026-01-18 18:49:23.383567+00,2014-12-29,1827.5
8051,2026-01-18 18:50:02.26434+00,2015-12-07,1498.0
8052,2026-01-18 18:50:02.392646+00,2015-12-08,1462.0
8053,2026-01-18 18:50:02.520426+00,2015-12-09,1494.0
8054,2026-01-18 18:50:02.644558+00,2015-12-10,1479.0
8055,2026-01-18 18:50:02.776029+00,2015-12-11,1500.0
8056,2026-01-18 18:50:02.902552+00,2015-12-14,1476.0
8057,2026-01-18 18:50:03.028259+00,2015-12-15,1477.5
8058,2026-01-18 18:50:03.150163+00,2015-12-16,1478.0
8059,2026-01-18 18:50:03.274697+00,2015-12-17,1482.5
8060,2026-01-18 18:50:03.403668+00,2015-12-18,1508.0
8061,2026-01-18 18:50:03.533592+00,2015-12-21,1510.0
8062,2026-01-18 18:50:03.654602+00,2015-12-22,1518.0
8063,2026-01-18 18:50:03.783248+00,2015-12-23,1539.0
8064,2026-01-18 18:50:03.90074+00,2015-12-24,1541.0
8335,2026-01-18 18:50:46.466169+00,2016-12-05,1728.0
8336,2026-01-18 18:50:46.602945+00,2016-12-06,1718.0
8337,2026-01-18 18:50:46.762823+00,2016-12-07,1728.0
8338,2026-01-18 18:50:46.911764+00,2016-12-08,1731.5
8339,2026-01-18 18:50:47.042345+00,2016-12-09,1742.5
8340,2026-01-18 18:50:47.175687+00,2016-12-12,1749.5
8341,2026-01-18 18:50:47.322039+00,2016-12-13,1755.0
8342,2026-01-18 18:50:47.460023+00,2016-12-14,1752.0
8343,2026-01-18 18:50:47.606641+00,2016-12-15,1736.0
8344,2026-01-18 18:50:47.751297+00,2016-12-16,1732.5
8345,2026-01-18 18:50:47.888606+00,2016-12-19,1717.0
8346,2026-01-18 18:50:48.02211+00,2016-12-20,1722.5
8347,2026-01-18 18:50:48.169845+00,2016-12-21,1730.5
8348,2026-01-18 18:50:48.319514+00,2016-12-22,1737.5
8349,2026-01-18 18:50:48.468168+00,2016-12-23,1740.0
8350,2026-01-18 18:50:48.603656+00,2016-12-28,1726.5
8351,2026-01-18 18:50:48.752633+00,2016-12-29,1713.0
8352,2026-01-18 18:50:48.889897+00,2016-12-30,1713.5
8692,2026-01-18 18:53:33.914743+00,2025-12-22,2898.5
8693,2026-01-18 18:53:34.111174+00,2025-12-23,2916.0
8694,2026-01-18 18:53:34.336878+00,2025-12-24,2932.0
8695,2026-01-18 18:53:34.588875+00,2025-12-29,2913.5
8696,2026-01-18 18:53:34.823802+00,2025-12-30,2945.0
8697,2026-01-18 18:53:35.085607+00,2025-12-31,2968.0
8698,2026-01-18 18:53:35.80753+00,2026-01-02,2986.0
8699,2026-01-18 18:53:36.010743+00,2026-01-05,3022.5
8700,2026-01-18 18:53:36.214197+00,2026-01-06,3093.0
8701,2026-01-18 18:53:36.478123+00,2026-01-07,3092.0
8702,2026-01-18 18:53:36.757144+00,2026-01-08,3081.0
8703,2026-01-18 18:53:37.038514+00,2026-01-09,3180.0
8704,2026-01-18 18:53:37.320914+00,2026-01-12,3185.5
8705,2026-01-18 18:53:37.599478+00,2026-01-13,3194.0
8706,2026-01-18 18:53:37.862671+00,2026-01-14,3221.0
8707,2026-01-18 18:53:38.134198+00,2026-01-15,3174.0
8708,2026-01-18 18:53:38.356188+00,2026-01-16,3147.0
9501,2026-01-19 22:11:43.419007+00,2026-01-19,3168.5
9767,2026-01-20 22:13:33.385786+00,2026-01-20,3137.0
10034,2026-01-21 22:15:43.463202+00,2026-01-21,3114.0
10063,2026-01-22 22:11:23.430566+00,2026-01-22,3093.5
10079,2026-01-23 22:08:30.442901+00,2026-01-23,3175.0
10128,2026-01-26 22:10:43.808345+00,2026-01-26,3192.0
10146,2026-01-27 22:11:42.061869+00,2026-01-27,3166.5
10165,2026-01-28 22:15:08.358178+00,2026-01-28,3259.0
10185,2026-01-29 22:14:56.501452+00,2026-01-29,3325.0
10206,2026-01-30 22:11:49.390114+00,2026-01-30,3110.0
10249,2026-02-03 22:17:20.498402+00,2026-02-02,3042.0
10250,2026-02-03 22:17:20.498402+00,2026-02-03,3103.0
10253,2026-02-04 22:14:21.750827+00,2026-02-04,3047.5
10257,2026-02-05 22:15:15.971278+00,2026-02-05,3014.0
10262,2026-02-06 22:10:53.615156+00,2026-02-06,3045.0
10278,2026-02-09 22:23:51.480618+00,2026-02-09,3083.5
10285,2026-02-10 22:27:30.074569+00,2026-02-10,3063.0
10293,2026-02-11 22:18:29.118827+00,2026-02-11,3098.0
10302,2026-02-13 22:20:17.879552+00,2026-02-12,3117.0
10303,2026-02-13 22:20:17.879552+00,2026-02-13,2996.0
10354,2026-02-18 22:20:20.017899+00,2026-02-16,3037.5
10355,2026-02-18 22:20:20.017899+00,2026-02-17,3014.0
10356,2026-02-18 22:20:20.017899+00,2026-02-18,3035.0
10370,2026-02-19 22:18:38.017264+00,2026-02-19,3026.0
10385,2026-02-20 22:15:38.408632+00,2026-02-20,3053.0
10431,2026-02-23 22:29:34.655009+00,2026-02-23,3070.0
10448,2026-02-24 22:20:22.652249+00,2026-02-24,3077.0
10466,2026-02-25 22:19:23.136676+00,2026-02-25,3107.0
10485,2026-02-26 22:21:31.001751+00,2026-02-26,3121.0
10505,2026-02-27 22:11:50.744181+00,2026-02-27,3157.5
10546,2026-03-02 22:16:36.944462+00,2026-03-02,3226.0
10548,2026-03-03 22:15:57.089976+00,2026-03-03,3269.0
10551,2026-03-04 22:18:37.864669+00,2026-03-04,3378.0
10555,2026-03-05 22:17:38.682174+00,2026-03-05,3298.5
10560,2026-03-06 22:14:59.236426+00,2026-03-06,3385.0
10576,2026-03-09 22:16:02.592563+00,2026-03-09,3406.5
10583,2026-03-10 22:14:31.330607+00,2026-03-10,3402.5
10591,2026-03-11 22:16:13.899584+00,2026-03-11,3467.0
10600,2026-03-12 22:13:34.453178+00,2026-03-12,3516.5
10610,2026-03-13 22:17:37.469106+00,2026-03-13,3520.0
10641,2026-03-16 22:22:20.535417+00,2026-03-16,3440.0
10653,2026-03-17 22:20:44.924731+00,2026-03-17,3426.0
10666,2026-03-18 22:20:31.71272+00,2026-03-18,3400.0
10680,2026-03-19 22:15:26.614942+00,2026-03-19,3200.0
10695,2026-03-20 22:14:57.280135+00,2026-03-20,3329.0
10741,2026-03-23 22:19:17.140448+00,2026-03-23,3251.5
10742,2026-04-02 11:06:46.064352+00,2026-04-01,3583.5
10745,2026-04-02 22:25:25.465324+00,2026-04-02,3505.0
10756,2026-04-07 22:31:56.727597+00,2026-04-07,3600.0
10760,2026-04-08 22:32:54.47916+00,2026-04-08,3520.0
10765,2026-04-09 22:34:41.990715+00,2026-04-09,3494.5
10771,2026-04-10 22:30:27.45274+00,2026-04-10,3526.0
10790,2026-04-13 22:37:24.058235+00,2026-04-13,3665.5
10798,2026-04-14 22:39:16.376149+00,2026-04-14,3625.0
10807,2026-04-15 22:36:05.929644+00,2026-04-15,3581.0
10817,2026-04-16 22:33:48.872881+00,2026-04-16,3678.5
10828,2026-04-17 22:31:36.310115+00,2026-04-17,3660.0
10862,2026-04-20 22:37:01.015689+00,2026-04-20,3590.0
10887,2026-04-22 22:41:24.290113+00,2026-04-21,3613.0
10888,2026-04-22 22:41:24.290113+00,2026-04-22,3652.0
10903,2026-04-23 22:37:42.858801+00,2026-04-23,3642.0
10919,2026-04-24 22:34:04.909768+00,2026-04-24,3685.0
10968,2026-04-27 22:42:43.064132+00,2026-04-27,3662.0
10986,2026-04-28 22:49:55.198704+00,2026-04-28,3600.0
11005,2026-04-29 22:51:57.09075+00,2026-04-29,3604.0
11025,2026-04-30 22:44:46.718131+00,2026-04-30,3525.5
11046,2026-05-04 22:51:04.314102+00,2026-05-01,3584.0
11048,2026-05-05 22:50:04.866791+00,2026-05-05,3632.5
11051,2026-05-06 22:42:11.289781+00,2026-05-06,3597.0
11055,2026-05-07 22:54:56.948132+00,2026-05-07,3559.0
11060,2026-05-08 22:50:01.796678+00,2026-05-08,3560.5
11076,2026-05-11 22:47:44.264286+00,2026-05-11,3655.0
11083,2026-05-12 22:53:36.748643+00,2026-05-12,3639.5
11091,2026-05-13 22:59:27.116287+00,2026-05-13,3729.5
11100,2026-05-14 22:51:15.099842+00,2026-05-14,3768.0